"slug","billing_period","type","regular_price","promotion_price","product_discount_id","contract_period","translation_key_id","introduction_price","orderable","action_period","action_period_price","is_default"
acronis-company-1000,1,registration,12999,,,12,,,true,,,false
acronis-company-1000,12,registration,155988,83988,,12,,,true,6,999,false
acronis-company-2000,1,registration,25999,,,12,,,true,,,false
acronis-company-2000,12,registration,311988,161988,,12,,,true,6,999,false
acronis-company-250,1,registration,6499,0,536,1,,,true,,,false
acronis-company-250,1,registration,6499,,,12,,,true,,,false
acronis-company-250,12,registration,77988,44988,,12,,,true,6,999,false
acronis-company-500,1,registration,9999,0,536,1,,,true,,,false
acronis-company-500,1,registration,9999,,,12,,,true,,,false
acronis-company-500,12,registration,119988,65988,,12,,,true,6,999,false
acronis-personal-100,1,registration,1899,0,536,1,,,true,,,false
acronis-personal-100,1,registration,1899,,,12,,,true,,,false
acronis-personal-100,12,registration,22788,14388,,12,,,true,6,499,false
acronis-personal-1000,1,registration,9999,,,12,,,true,,,false
acronis-personal-1000,12,registration,119988,62988,,12,,,true,6,499,false
acronis-personal-250,1,registration,2999,,,12,,,true,,,false
acronis-personal-250,12,registration,35988,20988,,12,,,true,6,499,false
acronis-personal-50,1,registration,999,0,536,1,,,true,,,false
acronis-personal-50,1,registration,999,,,12,,,true,,,false
acronis-personal-50,12,registration,11988,8988,,12,,,true,6,499,false
acronis-personal-50,12,registration,11988,0,536,12,,,true,,,false
acronis-personal-500,1,registration,5799,,,12,,,true,,,false
acronis-personal-500,12,registration,69588,37788,,12,,,true,6,499,false
administration-fees,1,registration,200,,,1,,,false,,,true
Almalinux-10,1,registration,0,,,1,,,true,,,false
almalinux_10_password_enabled,1,registration,0,,,1,,,true,,,false
Almalinux-10-ssh,1,registration,0,,,1,,,true,,,false
almalinux_10_ssh_enabled,1,registration,0,,,1,,,true,,,false
almalinux_9_password_enabled,1,registration,0,,,1,,,true,,,false
almalinux_9_ssh_enabled,1,registration,0,,,1,,,true,,,false
API-Conscribo-All-in-Pakket-koppelen-en-inrichten-op-de-WordPress,1,registration,72000,,,1,,,true,,,false
avg_addons,12,registration,3588,,,12,,,false,,,false
azure-active-directory-premium-p2,1,registration,1000,,,1,,1000,true,,,false
azure-active-directory-premium-p2,12,registration,12000,,,12,,12000,true,,,false
azure-active-directory-premium-p2-parent,1,registration,0,,,1,,,true,,,false
azure-active-directory-premium-p2-parent,12,registration,0,,,12,,,true,,,false
brandalert,12,registration,358800,,,12,,,true,,,true
Business-class-hostingpakket,1,prolongation,3499,,,1,,,false,,,false
Business-class-hostingpakket,3,prolongation,10497,,,3,,,false,,,false
Business-class-hostingpakket,12,prolongation,41988,,,12,,,false,,,false
centos_8_password_enabled,1,registration,0,0,,1,,,true,,,false
cloud-10,1,prolongation,4999,,,1,,,true,,,false
cloud-10,1,registration,0,,,1,,,true,,,false
cloud-15,1,prolongation,6499,,,1,,,true,,,false
cloud-15,1,registration,0,,,1,,,true,,,false
Cloud-2,1,prolongation,1999,,,1,,,true,,,false
Cloud-2,1,registration,0,,,1,,,true,,,false
cloud-20,1,prolongation,9999,,,1,,,true,,,false
cloud-20,1,registration,0,,,1,,,true,,,false
cloud-5,1,prolongation,2499,,,1,,,true,,,false
cloud-5,1,registration,0,,,1,,,true,,,false
cloud-hosting-business,3,prolongation,11997,,,3,,,false,,,false
cloud-hosting-business,12,prolongation,47988,,,12,,,false,,,false
cloud-hosting-starter,3,prolongation,8997,,,3,,,false,,,false
cloud-hosting-starter,12,prolongation,35988,,,12,,,false,,,false
cloudstack-manager-domain,1,registration,0,0,,1,,,true,,,false
complete,12,prolongation,2499,,,12,,,false,,,false
design_wp_bronze_maintenance_addons,1,prolongation,0,,74,1,,,true,,,false
design_wp_bronze_maintenance_addons,1,prolongation,0,,404,1,,,false,,,false
design_wp_bronze_maintenance_addons,1,registration,0,,74,1,,,true,,,false
design_wp_bronze_maintenance_addons,1,registration,3500,,,1,,,false,,,false
design_wp_bronze_maintenance_addons,1,registration,3500,,,12,,,true,,,true
design_wp_gold_maintenance_addons,1,registration,5500,,,12,,,true,,,false
DirectAdmin,1,prolongation,500,,,1,,,false,,,false
dns,12,registration,1188,,,12,,1188,false,,,false
domain_trustee_2000.hu,24,registration,2000,,,24,,,false,,,false
domain_trustee_agrar.hu,24,registration,2000,,,24,,,false,,,false
domain_trustee_asia,12,registration,2000,,,12,,,false,,,false
domain_trustee_asia,24,registration,4000,,,24,,,false,,,false
domain_trustee_asia,36,registration,6000,,,36,,,false,,,false
domain_trustee_ba,12,registration,26000,,,12,,,false,,,false
domain_trustee_ba,24,registration,52000,,,24,,,false,,,false
domain_trustee_ba,36,registration,78000,,,36,,,false,,,false
domain_trustee_bg,12,registration,8000,,,12,,,false,,,false
domain_trustee_bg,24,registration,16000,,,24,,,false,,,false
domain_trustee_bg,36,registration,24000,,,36,,,false,,,false
domain_trustee_biz.id,12,registration,14000,,,12,,,false,,,false
domain_trustee_biz.mm,12,registration,9000,,,12,,,false,,,false
domain_trustee_bolt.hu,24,registration,2000,,,24,,,false,,,false
domain_trustee_casino.hu,24,registration,2000,,,24,,,false,,,false
domain_trustee_city.hu,24,registration,2000,,,24,,,false,,,false
domain_trustee_co.ee,12,registration,7000,,,12,,,false,,,false
domain_trustee_co.hu,24,registration,2000,,,24,,,false,,,false
domain_trustee_co.id,12,registration,14000,,,12,,,false,,,false
domain_trustee_com.ar,12,registration,8000,,,12,,,false,,,false
domain_trustee_com.br,12,registration,2000,,,12,,,false,,,false
domain_trustee_com.ee,12,registration,7000,,,12,,,false,,,false
domain_trustee_com.ge,12,registration,6000,,,12,,,false,,,false
domain_trustee_com.hk,12,registration,12000,,,12,,,false,,,false
domain_trustee_com.kw,24,registration,20000,,,24,,,false,,,false
domain_trustee_com.lb,12,registration,43000,,,12,,,false,,,false
domain_trustee_com.mm,12,registration,9000,,,12,,,false,,,false
domain_trustee_com.my,12,registration,3000,,,12,,,false,,,false
domain_trustee_com.py,12,registration,2000,,,12,,,false,,,false
domain_trustee_com.sa,12,registration,67000,,,12,,,false,,,false
domain_trustee_com.sg,12,registration,4000,,,12,,,false,,,false
domain_trustee_com.tn,12,registration,5000,,,12,,,false,,,false
domain_trustee_co.tz,12,registration,17000,,,12,,,false,,,false
domain_trustee_dz,12,registration,7000,,,12,,,false,,,false
domain_trustee_dz,24,registration,14000,,,24,,,false,,,false
domain_trustee_dz,36,registration,21000,,,36,,,false,,,false
domain_trustee_ee,12,registration,1000,,,12,,,false,,,false
domain_trustee_ee,24,registration,2000,,,24,,,false,,,false
domain_trustee_ee,36,registration,3000,,,36,,,false,,,false
domain_trustee_erotica.hu,24,registration,2000,,,24,,,false,,,false
domain_trustee_erotika.hu,24,registration,2000,,,24,,,false,,,false
domain_trustee_film.hu,24,registration,2000,,,24,,,false,,,false
domain_trustee_forum.hu,24,registration,2000,,,24,,,false,,,false
domain_trustee_games.hu,24,registration,2000,,,24,,,false,,,false
domain_trustee_hotel.hu,24,registration,2000,,,24,,,false,,,false
domain_trustee_hr,12,registration,4000,,,12,,,false,,,false
domain_trustee_hr,24,registration,8000,,,24,,,false,,,false
domain_trustee_hr,36,registration,12000,,,36,,,false,,,false
domain_trustee_hu,12,registration,1000,,,12,,,false,,,false
domain_trustee_hu,24,registration,2000,,,24,,,false,,,false
domain_trustee_hu,36,registration,3000,,,36,,,false,,,false
domain_trustee_info.hu,24,registration,2000,,,24,,,false,,,false
domain_trustee_ingatlan.hu,24,registration,2000,,,24,,,false,,,false
domain_trustee_jo,12,registration,42000,,,12,,,false,,,false
domain_trustee_jo,24,registration,84000,,,24,,,false,,,false
domain_trustee_jo,36,registration,126000,,,36,,,false,,,false
domain_trustee_jogasz.hu,24,registration,2000,,,24,,,false,,,false
domain_trustee_konyvelo.hu,24,registration,2000,,,24,,,false,,,false
domain_trustee_kr,12,registration,2000,,,12,,,false,,,false
domain_trustee_kr,24,registration,4000,,,24,,,false,,,false
domain_trustee_kr,36,registration,6000,,,36,,,false,,,false
domain_trustee_lakas.hu,24,registration,2000,,,24,,,false,,,false
domain_trustee_media.hu,24,registration,2000,,,24,,,false,,,false
domain_trustee_my,12,registration,5000,,,12,,,false,,,false
domain_trustee_my,24,registration,10000,,,24,,,false,,,false
domain_trustee_my,36,registration,15000,,,36,,,false,,,false
domain_trustee_my.id,12,registration,14000,,,12,,,false,,,false
domain_trustee_name.my,12,registration,3000,,,12,,,false,,,false
domain_trustee_net.br,12,registration,2000,,,12,,,false,,,false
domain_trustee_net.my,12,registration,3000,,,12,,,false,,,false
domain_trustee_news.hu,24,registration,2000,,,24,,,false,,,false
domain_trustee_no,12,registration,15000,,,12,,,false,,,false
domain_trustee_no,24,registration,30000,,,24,,,false,,,false
domain_trustee_no,36,registration,45000,,,36,,,false,,,false
domain_trustee_org.br,12,registration,2000,,,12,,,false,,,false
domain_trustee_org.hu,24,registration,2000,,,24,,,false,,,false
domain_trustee_org.mm,12,registration,9000,,,12,,,false,,,false
domain_trustee_org.my,12,registration,3000,,,12,,,false,,,false
domain_trustee_priv.hu,24,registration,2000,,,24,,,false,,,false
domain_trustee_priv.no,12,registration,15000,,,12,,,false,,,false
domain_trustee_reklam.hu,24,registration,2000,,,24,,,false,,,false
domain_trustee_sa,12,registration,67000,,,12,,,false,,,false
domain_trustee_sa,24,registration,134000,,,24,,,false,,,false
domain_trustee_sa,36,registration,201000,,,36,,,false,,,false
domain_trustee_sex.hu,24,registration,2000,,,24,,,false,,,false
domain_trustee_sg,12,registration,4000,,,12,,,false,,,false
domain_trustee_sg,24,registration,8000,,,24,,,false,,,false
domain_trustee_sg,36,registration,12000,,,36,,,false,,,false
domain_trustee_shop.hu,24,registration,2000,,,24,,,false,,,false
domain_trustee_sport.hu,24,registration,2000,,,24,,,false,,,false
domain_trustee_suli.hu,24,registration,2000,,,24,,,false,,,false
domain_trustee_szex.hu,24,registration,2000,,,24,,,false,,,false
domain_trustee_tm.hu,24,registration,2000,,,24,,,false,,,false
domain_trustee_tn,12,registration,5000,,,12,,,false,,,false
domain_trustee_tn,24,registration,10000,,,24,,,false,,,false
domain_trustee_tn,36,registration,15000,,,36,,,false,,,false
domain_trustee_tozsde.hu,24,registration,2000,,,24,,,false,,,false
domain_trustee_utazas.hu,24,registration,2000,,,24,,,false,,,false
domain_trustee_video.hu,24,registration,2000,,,24,,,false,,,false
domain_trustee_web.id,12,registration,14000,,,12,,,false,,,false
Domain Validation SSL,12,prolongation,0,,74,12,,,true,,,false
Domain Validation SSL,12,registration,7188,120,,12,,,true,,,false
Domain Validation SSL,12,registration,5750,,,24,,,false,,,false
Domain Validation SSL,24,registration,11501,5870,,24,,,true,12,10,false
Domain Validation SSL,12,registration,5032,,,36,,,false,,,false
Domain Validation SSL,36,registration,15095,10183,,36,,,true,12,10,true
Domain-with-Email,1,prolongation,1699,,,1,,,false,,,false
Domain-with-Email,3,prolongation,5097,,,3,,,false,,,false
Domain-with-Email,12,prolongation,20388,,,12,,,true,,,false
Domain-with-Email,24,prolongation,32621,,,24,,,false,,,false
easy_wp_addons,12,registration,0,,,12,,,false,,,false
eBusiness-hostingpakket,1,prolongation,4995,,,1,,,false,,,false
eBusiness-hostingpakket,3,prolongation,13735,,,3,,,false,,,false
eBusiness-hostingpakket,12,prolongation,49950,,,12,,,false,,,false
eenmalig_terugzetten_backup,1,registration,5000,,,1,,,true,,,false
Email-100,1,prolongation,1799,,,1,,,false,,,false
Email-100,3,prolongation,5397,,,3,,,false,,,false
Email-100,1,prolongation,1799,,,12,,,false,,,false
Email-100,12,prolongation,21588,,,12,,,false,,,false
Email-100,24,prolongation,34541,,,24,,,false,,,false
Email-5,1,prolongation,1699,,,1,,,false,,,false
Email-5,3,prolongation,5097,,,3,,,false,,,false
Email-5,1,prolongation,1699,,,12,,,false,,,false
Email-5,12,prolongation,20388,,,12,,,false,,,false
Email-5,24,prolongation,32621,,,24,,,false,,,false
Email-500,1,prolongation,1999,,,1,,,false,,,false
Email-500,3,prolongation,5997,,,3,,,false,,,false
Email-500,1,prolongation,1999,,,12,,,false,,,false
Email-500,12,prolongation,23988,,,12,,,false,,,false
Email-500,24,prolongation,38381,,,24,,,false,,,false
email-max,1,registration,1999,,,12,,,true,,,false
email-max,12,registration,23988,0,,12,2867,,true,,,false
email-max,1,registration,1599,,,24,,,true,,,false
email-max,24,registration,38381,19191,,24,,,true,12,0,false
email-max,1,registration,1399,,,36,,,true,,,false
email-max,36,registration,50375,33583,,36,,,true,12,0,false
E-mail Pro,1,prolongation,1999,,,12,,,true,,,false
E-mail Pro,12,prolongation,23988,,,12,,,true,,,false
E-mail Pro,12,prolongation,19190,,,24,,,true,,,false
E-mail Pro,12,prolongation,16792,,,36,,,true,,,false
E-mail Standard,1,prolongation,1699,,,12,,,true,,,false
E-mail Standard,12,prolongation,20388,,,12,,,true,,,false
E-mail Standard,12,prolongation,16310,,,24,,,true,,,false
E-mail Standard,12,prolongation,14272,,,36,,,true,,,false
email-start,1,registration,1699,,,12,,,true,,,false
email-start,12,registration,20388,10788,,12,2866,,true,6,99,false
email-start,1,registration,1359,,,24,,,true,,,false
email-start,24,registration,32621,25060,,24,,,true,6,99,false
email-start,1,registration,1189,,,36,,,true,,,false
email-start,36,registration,42815,36273,,36,,,true,6,99,false
exchange-online-protection,1,registration,150,,,1,,,true,,,false
exchange-online-protection,12,registration,1500,,,12,,,true,,,false
exchange-online-protection-parent,1,registration,0,,,1,,,true,,,false
exchange-online-protection-parent,12,registration,0,,,12,,,true,,,false
Extended validation SSL,12,registration,19188,,,12,,,true,,,false
Extended validation SSL,24,registration,30701,,,24,,,true,,,false
Extended validation SSL,36,registration,40295,,,36,,,true,,,false
extension_2000.hu,24,registration,12399,,,24,,,true,,,true
extension_abogado,12,registration,15399,,,12,,,true,,,false
extension_abogado,24,registration,30798,,,24,,,true,,,false
extension_abogado,36,registration,46197,,,36,,,true,,,false
extension_ac,12,registration,7999,,,12,,,true,,,false
extension_ac,24,registration,15997,,,24,,,true,,,false
extension_ac,36,registration,23997,,,36,,,true,,,false
extension_academy,12,registration,5899,,,12,,,true,,,false
extension_academy,24,registration,10398,,,24,,,true,,,false
extension_academy,36,registration,15597,,,36,,,true,,,false
extension_ac.bd,24,registration,12399,,,24,,,true,,,true
extension_accountant,12,registration,5999,,,12,,,true,,,false
extension_accountant,24,registration,11998,,,24,,,true,,,false
extension_accountant,36,registration,17997,,,36,,,true,,,false
extension_accountants,12,registration,11499,,,12,,,true,,,false
extension_accountants,24,registration,22998,,,24,,,true,,,false
extension_accountants,36,registration,34497,,,36,,,true,,,false
extension_ac.ma,12,registration,7699,,,12,,,true,,,true
extension_ac.mu,12,registration,10250,,,12,,,true,,,true
extension_actor,12,registration,4099,,,12,,,true,,,false
extension_actor,24,registration,8198,,,24,,,true,,,false
extension_actor,36,registration,12297,,,36,,,true,,,false
extension_ac.vn,12,registration,15399,,,12,,,true,,,true
extension_adult,12,registration,10299,,,12,,,true,,,false
extension_adult,24,registration,20598,,,24,,,true,,,false
extension_adult,36,registration,30897,,,36,,,true,,,false
extension_ae,12,registration,8999,,,12,,,true,,,false
extension_ae,24,registration,17998,,,24,,,true,,,false
extension_ae,36,registration,26997,,,36,,,true,,,false
extension_aero,12,registration,7295,,,12,,,true,,,true
extension_aero,24,registration,60000,,,24,,,true,,,false
extension_af,12,registration,11799,,,12,,,true,,,false
extension_af,24,registration,23598,,,24,,,true,,,false
extension_af,36,registration,35397,,,36,,,true,,,false
extension_africa,12,registration,3099,,,12,,,true,,,false
extension_africa,24,registration,6198,,,24,,,true,,,false
extension_africa,36,registration,9297,,,36,,,true,,,false
extension_ag,12,registration,10999,,,12,,,true,,,false
extension_ag,24,registration,21998,,,24,,,true,,,false
extension_ag,36,registration,32997,,,36,,,true,,,false
extension_agency,12,registration,2999,,,12,,,true,,,false
extension_agency,24,registration,5998,,,24,,,true,,,false
extension_agency,36,registration,8997,,,36,,,true,,,false
extension_agrar.hu,24,registration,12399,,,24,,,true,,,true
extension_ai,12,registration,19999,,,12,,,true,,,false
extension_ai,24,registration,39998,,,24,,,true,,,false
extension_ai,36,registration,59997,,,36,,,true,,,false
extension_airforce,12,registration,10499,,,12,,,true,,,false
extension_airforce,24,registration,20998,,,24,,,true,,,false
extension_airforce,36,registration,31497,,,36,,,true,,,false
extension_al,12,registration,8499,,,12,,,true,,,false
extension_al,24,registration,15000,,,24,,,true,,,false
extension_al,36,registration,25497,,,36,,,true,,,false
extension_am,12,registration,6199,,,12,,,true,,,false
extension_am,24,registration,12398,,,24,,,true,,,false
extension_am,36,registration,18597,,,36,,,true,,,false
extension_amsterdam,12,registration,6899,,,12,,,true,,,false
extension_amsterdam,24,registration,12398,,,24,,,true,,,false
extension_amsterdam,36,registration,18597,,,36,,,true,,,false
extension_an,12,registration,18471,,,12,,,true,,,true
extension_apartments,12,registration,5999,,,12,,,true,,,false
extension_apartments,24,registration,11998,,,24,,,true,,,false
extension_apartments,36,registration,17997,,,36,,,true,,,false
extension_app,12,registration,4899,,,12,,,true,,,false
extension_app,24,registration,8398,,,24,,,true,,,false
extension_app,36,registration,12597,,,36,,,true,,,false
extension_archi,12,registration,7999,,,12,,,true,,,false
extension_archi,24,registration,15997,,,24,,,true,,,false
extension_archi,36,registration,23997,,,36,,,true,,,false
extension_army,12,registration,3099,,,12,,,true,,,false
extension_army,24,registration,6198,,,24,,,true,,,false
extension_army,36,registration,9297,,,36,,,true,,,false
extension_art,12,registration,3199,,,12,,,true,,,false
extension_art,24,registration,5118,,,24,,,true,,,false
extension_art,36,registration,7497,,,36,,,true,,,false
extension_arts.ro,12,registration,1699,,,12,,,true,,,true
extension_as,12,registration,15399,,,12,,,true,,,false
extension_as,24,registration,30750,,,24,,,true,,,false
extension_as,36,registration,46197,,,36,,,true,,,false
extension_asia,12,registration,3999,,,12,,,true,,,false
extension_asia,24,registration,7998,,,24,,,true,,,false
extension_asia,36,registration,11997,,,36,,,true,,,false
extension_associates,12,registration,3099,,,12,,,true,,,false
extension_associates,24,registration,6198,,,24,,,true,,,false
extension_associates,36,registration,9297,,,36,,,true,,,false
extension_at,12,registration,4899,,,12,,,true,,,false
extension_at,24,registration,8398,,,24,,,true,,,false
extension_at,36,registration,12597,,,36,,,true,,,false
extension_attorney,12,registration,5099,,,12,,,true,,,false
extension_attorney,24,registration,8798,,,24,,,true,,,false
extension_attorney,36,registration,13197,,,36,,,true,,,false
extension_au,12,registration,2000,,,12,,,true,,,false
extension_au,24,registration,4000,,,24,,,true,,,false
extension_au,36,registration,6000,,,36,,,true,,,false
extension_au.com,24,registration,12397,,,24,,,true,,,true
extension_auction,12,registration,3999,,,12,,,true,,,false
extension_auction,24,registration,7998,,,24,,,true,,,false
extension_auction,36,registration,11997,,,36,,,true,,,false
extension_audio,12,registration,18999,,,12,,,true,,,false
extension_audio,24,registration,37998,,,24,,,true,,,false
extension_audio,36,registration,56997,,,36,,,true,,,false
extension_auto,12,registration,266499,,,12,,,true,,,false
extension_auto,24,registration,532998,,,24,,,true,,,false
extension_auto,36,registration,799497,,,36,,,true,,,false
extension_autos,12,registration,7699,,,12,,,true,,,false
extension_autos,24,registration,15397,,,24,,,true,,,false
extension_autos,36,registration,23097,,,36,,,true,,,false
extension_ax,12,registration,6199,,,12,,,true,,,false
extension_ax,24,registration,12398,,,24,,,true,,,false
extension_ax,36,registration,18597,,,36,,,true,,,false
extension_az,12,registration,38499,,,12,,,true,,,false
extension_az,24,registration,76998,,,24,,,true,,,false
extension_az,36,registration,115497,,,36,,,true,,,false
extension_ba,12,registration,33399,,,12,,,true,,,false
extension_ba,24,registration,66798,,,24,,,true,,,false
extension_ba,36,registration,100197,,,36,,,true,,,false
extension_baby,12,registration,9999,,,12,,,true,,,false
extension_baby,24,registration,19998,,,24,,,true,,,false
extension_baby,36,registration,29997,,,36,,,true,,,false
extension_band,12,registration,3499,,,12,,,true,,,false
extension_band,24,registration,6998,,,24,,,true,,,false
extension_band,36,registration,10497,,,36,,,true,,,false
extension_bar,12,registration,7699,,,12,,,true,,,false
extension_bar,24,registration,15397,,,24,,,true,,,false
extension_bar,36,registration,23097,,,36,,,true,,,false
extension_barcelona,12,registration,4099,,,12,,,true,,,false
extension_barcelona,24,registration,8198,,,24,,,true,,,false
extension_barcelona,36,registration,12297,,,36,,,true,,,false
extension_bargains,12,registration,3099,,,12,,,true,,,false
extension_bargains,24,registration,6198,,,24,,,true,,,false
extension_bargains,36,registration,9297,,,36,,,true,,,false
extension_bayern,12,registration,4099,,,12,,,true,,,false
extension_bayern,24,registration,8198,,,24,,,true,,,false
extension_bayern,36,registration,12297,,,36,,,true,,,false
extension_bb,12,registration,15399,,,12,,,true,,,false
extension_bb,24,registration,30798,,,24,,,true,,,false
extension_bb,36,registration,46197,,,36,,,true,,,false
extension_bbs.tr,12,registration,1699,,,12,,,true,,,true
extension_be,12,prolongation,2959,,,24,,,true,,,false
extension_be,12,prolongation,2589,,,36,,,true,,,false
extension_be,12,registration,3699,499,,12,,,true,,,false
extension_be,24,registration,5918,3458,,24,,,true,12,499,false
extension_be,36,registration,7768,5678,,36,,,true,12,499,false
extension_beauty,12,registration,1499,,,12,,,true,,,false
extension_beauty,24,registration,2998,,,24,,,true,,,false
extension_beauty,36,registration,4497,,,36,,,true,,,false
extension_beer,12,registration,3999,,,12,,,true,,,false
extension_beer,24,registration,7998,,,24,,,true,,,false
extension_beer,36,registration,11997,,,36,,,true,,,false
extension_be_free_am,12,prolongation,0,,,12,,,false,,,false
extension_berlin,12,registration,5199,,,12,,,true,,,false
extension_berlin,24,registration,10398,,,24,,,true,,,false
extension_berlin,36,registration,15597,,,36,,,true,,,false
extension_best,12,registration,6999,,,12,,,true,,,false
extension_best,24,registration,13997,,,24,,,true,,,false
extension_best,36,registration,20997,,,36,,,true,,,false
extension_bet,12,registration,2499,,,12,,,true,,,false
extension_bet,24,registration,4998,,,24,,,true,,,false
extension_bet,36,registration,7497,,,36,,,true,,,false
extension_bg,12,registration,15999,,,12,,,true,,,false
extension_bg,24,registration,31998,,,24,,,true,,,false
extension_bg,36,registration,47997,,,36,,,true,,,false
extension_bh,12,registration,6099,,,12,,,true,,,false
extension_bh,24,registration,12198,,,24,,,true,,,false
extension_bh,36,registration,18297,,,36,,,true,,,false
extension_bi,12,registration,10299,,,12,,,true,,,false
extension_bi,24,registration,20598,,,24,,,true,,,false
extension_bi,36,registration,30897,,,36,,,true,,,false
extension_bible,12,registration,5199,,,12,,,true,,,false
extension_bible,24,registration,10398,,,24,,,true,,,false
extension_bible,36,registration,15597,,,36,,,true,,,false
extension_bid,12,registration,3499,,,12,,,true,,,false
extension_bid,24,registration,6998,,,24,,,true,,,false
extension_bid,36,registration,10497,,,36,,,true,,,false
extension_bike,12,registration,3999,,,12,,,true,,,false
extension_bike,24,registration,7998,,,24,,,true,,,false
extension_bike,36,registration,11997,,,36,,,true,,,false
extension_bingo,12,registration,5199,,,12,,,true,,,false
extension_bingo,24,registration,10398,,,24,,,true,,,false
extension_bingo,36,registration,15597,,,36,,,true,,,false
extension_bio,12,registration,7699,,,12,,,true,,,false
extension_bio,24,registration,15397,,,24,,,true,,,false
extension_bio,36,registration,23097,,,36,,,true,,,false
extension_biz,12,registration,4899,,,12,,,true,,,false
extension_biz,24,registration,8398,,,24,,,true,,,false
extension_biz,36,registration,12597,,,36,,,true,,,false
extension_biz.bd,24,registration,12399,,,24,,,true,,,true
extension_biz.fj,12,registration,23099,,,12,,,true,,,true
extension_biz_free_am,12,prolongation,0,,,12,,,false,,,false
extension_biz.id,12,registration,18000,,,12,,,true,,,true
extension_biz.mm,12,registration,23099,,,12,,,true,,,true
extension_biz.tr,12,registration,1699,,,12,,,true,,,true
extension_biz.vn,12,registration,15399,,,12,,,true,,,true
extension_bj,12,registration,11799,,,12,,,true,,,false
extension_bj,24,registration,23598,,,24,,,true,,,false
extension_bj,36,registration,35397,,,36,,,true,,,false
extension_black,12,registration,6199,,,12,,,true,,,false
extension_black,24,registration,12398,,,24,,,true,,,false
extension_black,36,registration,18597,,,36,,,true,,,false
extension_blackfriday,12,registration,15399,,,12,,,true,,,true
extension_blog,12,registration,3999,,,12,,,true,,,false
extension_blog,24,registration,7998,,,24,,,true,,,false
extension_blog,36,registration,11997,,,36,,,true,,,false
extension_blue,12,registration,2499,,,12,,,true,,,false
extension_blue,24,registration,4998,,,24,,,true,,,false
extension_blue,36,registration,7497,,,36,,,true,,,false
extension_bm,12,registration,15399,,,12,,,true,,,false
extension_bm,24,registration,30798,,,24,,,true,,,false
extension_bm,36,registration,46197,,,36,,,true,,,false
extension_bo,12,registration,30799,,,12,,,true,,,false
extension_bo,24,registration,61598,,,24,,,true,,,false
extension_bo,36,registration,92397,,,36,,,true,,,false
extension_boats,12,registration,4099,,,12,,,true,,,false
extension_boats,24,registration,8198,,,24,,,true,,,false
extension_boats,36,registration,12297,,,36,,,true,,,false
extension_bolt.hu,24,registration,12399,,,24,,,true,,,true
extension_bond,12,registration,2999,,,12,,,true,,,false
extension_bond,24,registration,5998,,,24,,,true,,,false
extension_bond,36,registration,8997,,,36,,,true,,,false
extension_boston,12,registration,1499,,,12,,,true,,,false
extension_boston,24,registration,2998,,,24,,,true,,,false
extension_boston,36,registration,4497,,,36,,,true,,,false
extension_boutique,12,registration,3999,,,12,,,true,,,false
extension_boutique,24,registration,7998,,,24,,,true,,,false
extension_boutique,36,registration,11997,,,36,,,true,,,false
extension_br.com,12,registration,7500,,,12,,,true,,,true
extension_brussels,12,registration,4099,,,12,,,true,,,false
extension_brussels,24,registration,8198,,,24,,,true,,,false
extension_brussels,36,registration,12297,,,36,,,true,,,false
extension_bs,24,registration,92399,,,24,,,true,,,true
extension_build,12,registration,4997,,,12,,,true,,,false
extension_build,24,registration,9994,,,24,,,true,,,false
extension_build,36,registration,14991,,,36,,,true,,,false
extension_builders,12,registration,3999,,,12,,,true,,,false
extension_builders,24,registration,7998,,,24,,,true,,,false
extension_builders,36,registration,11997,,,36,,,true,,,false
extension_business,12,registration,100,,6,12,,,true,,,false
extension_business,12,registration,2499,,,12,,,true,,,false
extension_business,24,registration,4998,,,24,,,true,,,false
extension_business,36,registration,7497,,,36,,,true,,,false
extension_buzz,12,registration,4999,,,12,,,true,,,false
extension_buzz,24,registration,9998,,,24,,,true,,,false
extension_buzz,36,registration,14997,,,36,,,true,,,false
extension_by,12,registration,3499,,,12,,,true,,,false
extension_by,24,registration,6998,,,24,,,true,,,false
extension_by,36,registration,10497,,,36,,,true,,,false
extension_bz,12,registration,5199,,,12,,,true,,,false
extension_bz,24,registration,10398,,,24,,,true,,,false
extension_bz,36,registration,15597,,,36,,,true,,,false
extension_ca,12,registration,3499,,,12,,,true,,,false
extension_ca,24,registration,6998,,,24,,,true,,,false
extension_ca,36,registration,10497,,,36,,,true,,,false
extension_cab,12,registration,3999,,,12,,,true,,,false
extension_cab,24,registration,7998,,,24,,,true,,,false
extension_cab,36,registration,11997,,,36,,,true,,,false
extension_cafe,12,registration,4499,,,12,,,true,,,false
extension_cafe,24,registration,8998,,,24,,,true,,,false
extension_cafe,36,registration,13497,,,36,,,true,,,false
extension_cam,12,registration,2099,,,12,,,true,,,false
extension_cam,24,registration,4198,,,24,,,true,,,false
extension_cam,36,registration,6297,,,36,,,true,,,false
extension_camera,12,registration,5199,,,12,,,true,,,false
extension_camera,24,registration,10398,,,24,,,true,,,false
extension_camera,36,registration,15597,,,36,,,true,,,false
extension_camp,12,registration,6499,,,12,,,true,,,false
extension_camp,24,registration,12997,,,24,,,true,,,false
extension_camp,36,registration,19497,,,36,,,true,,,false
extension_capetown,12,registration,2499,,,12,,,true,,,false
extension_capetown,24,registration,4998,,,24,,,true,,,false
extension_capetown,36,registration,7497,,,36,,,true,,,false
extension_capital,12,registration,6499,,,12,,,true,,,false
extension_capital,24,registration,12997,,,24,,,true,,,false
extension_capital,36,registration,19497,,,36,,,true,,,false
extension_car,12,registration,266499,,,12,,,true,,,false
extension_car,24,registration,532998,,,24,,,true,,,false
extension_car,36,registration,799497,,,36,,,true,,,false
extension_cards,12,registration,3099,,,12,,,true,,,false
extension_cards,24,registration,6198,,,24,,,true,,,false
extension_cards,36,registration,9297,,,36,,,true,,,false
extension_care,12,registration,4499,,,12,,,true,,,false
extension_care,24,registration,8998,,,24,,,true,,,false
extension_care,36,registration,13497,,,36,,,true,,,false
extension_careers,12,registration,5499,,,12,,,true,,,false
extension_careers,24,registration,10998,,,24,,,true,,,false
extension_careers,36,registration,16497,,,36,,,true,,,false
extension_cars,12,registration,266499,,,12,,,true,,,false
extension_cars,24,registration,532998,,,24,,,true,,,false
extension_cars,36,registration,799497,,,36,,,true,,,false
extension_casa,12,registration,3499,,,12,,,true,,,false
extension_casa,24,registration,6998,,,24,,,true,,,false
extension_casa,36,registration,10497,,,36,,,true,,,false
extension_cash,12,registration,3099,,,12,,,true,,,false
extension_cash,24,registration,6198,,,24,,,true,,,false
extension_cash,36,registration,9297,,,36,,,true,,,false
extension_casino,12,registration,15399,,,12,,,true,,,false
extension_casino,24,registration,30798,,,24,,,true,,,false
extension_casino,36,registration,46197,,,36,,,true,,,false
extension_casino.hu,24,registration,12399,,,24,,,true,,,true
extension_cat,12,registration,3099,,,12,,,true,,,false
extension_cat,24,registration,6198,,,24,,,true,,,false
extension_cat,36,registration,9297,,,36,,,true,,,false
extension_catering,12,registration,3999,,,12,,,true,,,false
extension_catering,24,registration,7998,,,24,,,true,,,false
extension_catering,36,registration,11997,,,36,,,true,,,false
extension_cc,12,registration,4899,,,12,,,true,,,false
extension_cc,24,registration,8398,,,24,,,true,,,false
extension_cc,36,registration,12597,,,36,,,true,,,false
extension_cd,12,registration,10299,,,12,,,true,,,false
extension_cd,24,registration,20598,,,24,,,true,,,false
extension_cd,36,registration,30897,,,36,,,true,,,false
extension_center,12,registration,2999,,,12,,,true,,,false
extension_center,24,registration,5998,,,24,,,true,,,false
extension_center,36,registration,8997,,,36,,,true,,,false
extension_cf,12,registration,1899,,,12,,,true,,,false
extension_cf,24,registration,3797,,,24,,,true,,,false
extension_cf,36,registration,5697,,,36,,,true,,,false
extension_cg,12,registration,46199,,,12,,,true,,,false
extension_cg,24,registration,92398,,,24,,,true,,,false
extension_cg,36,registration,138597,,,36,,,true,,,false
extension_ch,12,registration,5899,,,12,,,true,,,false
extension_ch,24,registration,10398,,,24,,,true,,,false
extension_ch,36,registration,15597,,,36,,,true,,,false
extension_chat,12,registration,3099,,,12,,,true,,,false
extension_chat,24,registration,6198,,,24,,,true,,,false
extension_chat,36,registration,9297,,,36,,,true,,,false
extension_cheap,12,registration,3499,,,12,,,true,,,false
extension_cheap,24,registration,6998,,,24,,,true,,,false
extension_cheap,36,registration,10497,,,36,,,true,,,false
extension_christmas,12,registration,4099,,,12,,,true,,,false
extension_christmas,24,registration,8198,,,24,,,true,,,false
extension_christmas,36,registration,12297,,,36,,,true,,,false
extension_church,12,registration,6199,,,12,,,true,,,false
extension_church,24,registration,12398,,,24,,,true,,,false
extension_church,36,registration,18597,,,36,,,true,,,false
extension_ci,12,registration,5199,,,12,,,true,,,false
extension_ci,24,registration,10398,,,24,,,true,,,false
extension_ci,36,registration,15597,,,36,,,true,,,false
extension_city,12,registration,2999,,,12,,,true,,,false
extension_city,24,registration,5998,,,24,,,true,,,false
extension_city,36,registration,8997,,,36,,,true,,,false
extension_city.hu,24,registration,12399,,,24,,,true,,,true
extension_cl,12,registration,7899,,,12,,,true,,,false
extension_cl,24,registration,14793,,,24,,,true,,,false
extension_cl,36,registration,21597,,,36,,,true,,,false
extension_claims,12,registration,5199,,,12,,,true,,,false
extension_claims,24,registration,10398,,,24,,,true,,,false
extension_claims,36,registration,15597,,,36,,,true,,,false
extension_cleaning,12,registration,5199,,,12,,,true,,,false
extension_cleaning,24,registration,10398,,,24,,,true,,,false
extension_cleaning,36,registration,15597,,,36,,,true,,,false
extension_click,12,registration,1999,,,12,,,true,,,false
extension_click,24,registration,3997,,,24,,,true,,,false
extension_click,36,registration,5997,,,36,,,true,,,false
extension_clinic,12,registration,5999,,,12,,,true,,,false
extension_clinic,24,registration,11998,,,24,,,true,,,false
extension_clinic,36,registration,17997,,,36,,,true,,,false
extension_clothing,12,registration,3999,,,12,,,true,,,false
extension_clothing,24,registration,7998,,,24,,,true,,,false
extension_clothing,36,registration,11997,,,36,,,true,,,false
extension_cloud,12,registration,2999,,,12,,,true,,,false
extension_cloud,24,registration,5998,,,24,,,true,,,false
extension_cloud,36,registration,8997,,,36,,,true,,,false
extension_club,12,registration,4399,,,12,,,true,,,false
extension_club,24,registration,7398,,,24,,,true,,,false
extension_club,36,registration,11097,,,36,,,true,,,false
extension_club.tw,12,registration,3099,,,12,,,true,,,true
extension_cm,12,registration,10299,,,12,,,true,,,false
extension_cm,24,registration,20598,,,24,,,true,,,false
extension_cm,36,registration,30897,,,36,,,true,,,false
extension_cn,12,registration,9899,,,12,,,true,,,false
extension_cn,24,registration,18398,,,24,,,true,,,false
extension_cn,36,registration,27597,,,36,,,true,,,false
extension_cn.com,12,registration,4495,,,12,,,true,,,true
extension_co,12,registration,5899,,,12,,,true,,,false
extension_co,24,registration,10398,,,24,,,true,,,false
extension_co,36,registration,15597,,,36,,,true,,,false
extension_coach,12,registration,6499,,,12,,,true,,,false
extension_coach,24,registration,12997,,,24,,,true,,,false
extension_coach,36,registration,19497,,,36,,,true,,,false
extension_co.ag,12,registration,7699,,,12,,,true,,,true
extension_co.ao,12,registration,97399,,,12,,,true,,,true
extension_co.at,12,registration,1499,,,12,,,true,,,true
extension_co.az,12,registration,38499,,,12,,,true,,,true
extension_co.bd,24,registration,12399,,,24,,,true,,,true
extension_co.bi,12,registration,10299,,,12,,,true,,,true
extension_co.bz,12,registration,5199,,,12,,,true,,,true
extension_co.ck,24,registration,92399,,,24,,,true,,,true
extension_co.cm,12,registration,3099,,,12,,,true,,,true
extension_co.com,12,registration,1200,,,12,,,true,,,true
extension_co.cr,12,registration,5199,,,12,,,true,,,true
extension_codes,12,registration,6499,,,12,,,true,,,false
extension_codes,24,registration,12997,,,24,,,true,,,false
extension_codes,36,registration,19497,,,36,,,true,,,false
extension_co.ee,12,registration,11799,,,12,,,true,,,true
extension_coffee,12,registration,3999,,,12,,,true,,,false
extension_coffee,24,registration,7998,,,24,,,true,,,false
extension_coffee,36,registration,11997,,,36,,,true,,,false
extension_co.gg,12,registration,10299,,,12,,,true,,,true
extension_co.gy,12,registration,6150,,,12,,,true,,,true
extension_co.hu,24,registration,12399,,,24,,,true,,,true
extension_co.id,12,registration,18000,,,12,,,true,,,true
extension_co.il,12,registration,4999,,,12,,,true,,,true
extension_co.il,24,registration,12397,,,24,,,true,,,false
extension_co.im,12,registration,12417,,,12,,,true,,,true
extension_co.in,12,registration,2499,,,12,,,true,,,true
extension_co.je,12,registration,10299,,,12,,,true,,,true
extension_co.jp,12,registration,25699,,,12,,,true,,,true
extension_co.ke,12,registration,3099,,,12,,,true,,,true
extension_co.kr,12,registration,4999,,,12,,,true,,,true
extension_co.lc,12,registration,2099,,,12,,,true,,,true
extension_college,12,registration,6999,,,12,,,true,,,false
extension_college,24,registration,13997,,,24,,,true,,,false
extension_college,36,registration,20997,,,36,,,true,,,false
extension_cologne,12,registration,3299,,,12,,,true,,,false
extension_cologne,24,registration,5278,,,24,,,true,,,false
extension_cologne,36,registration,7797,,,36,,,true,,,false
extension_com,12,prolongation,0,,206,12,,,false,,,false
extension_com,12,prolongation,1200,,140,12,,,true,,,false
extension_com,12,prolongation,0,,74,12,,,true,,,false
extension_com,12,prolongation,2959,,,24,,,true,,,false
extension_com,12,registration,0,,206,12,,,true,,,false
extension_com,12,registration,3699,999,,12,,,true,,,false
extension_com,12,registration,1200,,140,12,,,true,,,false
extension_com,24,registration,5918,3958,,24,,,true,12,999,false
extension_com,12,registration,2589,,,36,,,true,,,false
extension_com,36,registration,7768,6178,,36,,,true,12,999,false
extension_co.ma,12,registration,7699,,,12,,,true,,,true
extension_co.ma,24,registration,29256,,,24,,,true,,,false
extension_com.af,12,registration,5125,,,12,,,true,,,true
extension_com.ag,12,registration,7699,,,12,,,true,,,true
extension_com.ai,24,registration,46198,,,24,,,true,,,true
extension_com.al,12,registration,7699,,,12,,,true,,,true
extension_com.al,24,registration,15000,,,24,,,true,,,false
extension_com.ar,12,registration,10062,,,12,,,true,,,true
extension_com.au,12,registration,4099,,,12,,,true,,,true
extension_com.au,24,registration,8000,,,24,,,true,,,false
extension_com.az,12,registration,38499,,,12,,,true,,,true
extension_com.bd,24,registration,12399,,,24,,,true,,,true
extension_com.bh,12,registration,184499,,,12,,,true,,,true
extension_com.bi,12,registration,10299,,,12,,,true,,,true
extension_com.bn,12,registration,30799,,,12,,,true,,,true
extension_com.bo,12,registration,15399,,,12,,,true,,,true
extension_com.br,12,registration,3999,,,12,,,true,,,true
extension_com.bt,12,registration,10299,,,12,,,true,,,true
extension_com.bt,24,registration,20500,,,24,,,true,,,false
extension_com.bz,12,registration,5199,,,12,,,true,,,true
extension_com.cm,12,registration,3099,,,12,,,true,,,true
extension_com.cn,12,registration,12004,,,12,,,true,,,true
extension_com.co,12,registration,1499,,,12,,,true,,,true
extension_com.cu,12,registration,51299,,,12,,,true,,,true
extension_com.cy,12,registration,15399,,,12,,,true,,,true
extension_com.do,12,registration,7699,,,12,,,true,,,true
extension_com.do,24,registration,15000,,,24,,,true,,,false
extension_com.ec,12,registration,7699,,,12,,,true,,,true
extension_com.ee,12,registration,11799,,,12,,,true,,,true
extension_com.eg,12,registration,51299,,,12,,,true,,,true
extension_com.es,12,registration,1999,,,12,,,true,,,true
extension_com.et,12,registration,19628,,,12,,,true,,,true
extension_com.fj,12,registration,23099,,,12,,,true,,,true
extension_com_free_am,12,prolongation,0,,,12,,,false,,,false
extension_com.ge,12,registration,23099,,,12,,,true,,,true
extension_com.gh,12,registration,11799,,,12,,,true,,,true
extension_com.gi,24,registration,51399,,,24,,,true,,,true
extension_com.gr,24,registration,10398,,,24,,,true,,,true
extension_com.gt,12,registration,15399,,,12,,,true,,,true
extension_com.gt,24,registration,30000,,,24,,,true,,,false
extension_com.gu,12,registration,38499,,,12,,,true,,,true
extension_com.gy,12,registration,6150,,,12,,,true,,,true
extension_com.hk,12,registration,11799,,,12,,,true,,,true
extension_com.hn,12,registration,11790,,,12,,,true,,,true
extension_com.hr,12,registration,11499,,,12,,,true,,,true
extension_com.kh,12,registration,15399,,,12,,,true,,,true
extension_com.kw,24,registration,102599,,,24,,,true,,,true
extension_com.lb,12,registration,51299,,,12,,,true,,,true
extension_com.lc,12,registration,2099,,,12,,,true,,,true
extension_com.lk,12,registration,23099,,,12,,,true,,,true
extension_com.lv,12,registration,3099,,,12,,,true,,,true
extension_com.ly,12,registration,23099,,,12,,,true,,,true
extension_com.mk,12,registration,4099,,,12,,,true,,,true
extension_com.mm,12,registration,23099,,,12,,,true,,,true
extension_com.ms,12,registration,5199,,,12,,,true,,,true
extension_com.mt,12,registration,7699,,,12,,,true,,,true
extension_com.mu,12,registration,10250,,,12,,,true,,,true
extension_community,12,registration,3999,,,12,,,true,,,false
extension_community,24,registration,7998,,,24,,,true,,,false
extension_community,36,registration,11997,,,36,,,true,,,false
extension_com.mv,12,registration,30799,,,12,,,true,,,true
extension_com.mx,12,registration,3099,,,12,,,true,,,true
extension_com.my,12,registration,7999,,,12,,,true,,,true
extension_com.ng,12,registration,15399,,,12,,,true,,,true
extension_com.ni,12,registration,10299,,,12,,,true,,,true
extension_com.pa,24,registration,20599,,,24,,,true,,,true
extension_company,12,registration,2999,,,12,,,true,,,false
extension_company,24,registration,5998,,,24,,,true,,,false
extension_company,36,registration,8997,,,36,,,true,,,false
extension_com.pe,12,registration,6199,,,12,,,true,,,true
extension_com.ph,12,registration,5199,,,12,,,true,,,true
extension_com.pk,24,registration,20599,,,24,,,true,,,true
extension_com.pl,12,registration,14421,,,12,,,true,,,true
extension_com.ps,12,registration,7699,,,12,,,true,,,true
extension_com.pt,12,registration,1699,,,12,,,true,,,true
extension_computer,12,registration,3099,,,12,,,true,,,false
extension_computer,24,registration,6198,,,24,,,true,,,false
extension_computer,36,registration,9297,,,36,,,true,,,false
extension_com.py,12,registration,29999,,,12,,,true,,,true
extension_com.ro,12,registration,1699,,,12,,,true,,,true
extension_co.ms,12,registration,5199,,,12,,,true,,,true
extension_com.sa,12,registration,97399,,,12,,,true,,,true
extension_com.sb,12,registration,7690,,,12,,,true,,,true
extension_com.sg,12,registration,10299,,,12,,,true,,,true
extension_com.sl,12,registration,10299,,,12,,,true,,,true
extension_com.sv,12,registration,11799,,,12,,,true,,,true
extension_com.tj,12,registration,15399,,,12,,,true,,,true
extension_com.tl,12,registration,5125,,,12,,,true,,,true
extension_com.tn,12,registration,11799,,,12,,,true,,,true
extension_com.tr,12,registration,7999,,,12,,,true,,,true
extension_com.tt,36,registration,55499,,,36,,,true,,,false
extension_com.tw,12,registration,3999,,,12,,,true,,,true
extension_co.mu,12,registration,10250,,,12,,,true,,,true
extension_com.ua,12,registration,4099,,,12,,,true,,,true
extension_com.uy,12,registration,10299,,,12,,,true,,,true
extension_com.vc,12,registration,4099,,,12,,,true,,,true
extension_com.ve,12,registration,10299,,,12,,,true,,,true
extension_com.vn,12,registration,15399,,,12,,,true,,,true
extension_condos,12,registration,5199,,,12,,,true,,,false
extension_condos,24,registration,10398,,,24,,,true,,,false
extension_condos,36,registration,15597,,,36,,,true,,,false
extension_co.ni,12,registration,10299,,,12,,,true,,,true
extension_co.nl,12,registration,949,,,12,,,true,,,true
extension_co.no,12,registration,2295,,,12,,,true,,,true
extension_co.no,24,registration,12479,,,24,,,true,,,false
extension_construction,12,registration,3099,,,12,,,true,,,false
extension_construction,24,registration,6198,,,24,,,true,,,false
extension_construction,36,registration,9297,,,36,,,true,,,false
extension_consulting,12,registration,3999,,,12,,,true,,,false
extension_consulting,24,registration,7998,,,24,,,true,,,false
extension_consulting,36,registration,11997,,,36,,,true,,,false
extension_contact,12,registration,1299,,,12,,,true,,,false
extension_contact,24,registration,2598,,,24,,,true,,,false
extension_contact,36,registration,3897,,,36,,,true,,,false
extension_contractors,12,registration,3099,,,12,,,true,,,false
extension_contractors,24,registration,6198,,,24,,,true,,,false
extension_contractors,36,registration,9297,,,36,,,true,,,false
extension_co.nz,12,registration,4999,,,12,,,true,,,true
extension_cooking,12,registration,3999,,,12,,,true,,,false
extension_cooking,24,registration,7998,,,24,,,true,,,false
extension_cooking,36,registration,11997,,,36,,,true,,,false
extension_cool,12,registration,3499,,,12,,,true,,,false
extension_cool,24,registration,6998,,,24,,,true,,,false
extension_cool,36,registration,10497,,,36,,,true,,,false
extension_coop,12,registration,10299,,,12,,,true,,,false
extension_coop,24,registration,20598,,,24,,,true,,,false
extension_coop,36,registration,30897,,,36,,,true,,,false
extension_co.th,12,registration,7699,,,12,,,true,,,true
extension_co.tt,36,registration,55499,,,36,,,true,,,false
extension_co.tz,12,registration,46199,,,12,,,true,,,true
extension_co.uk,12,registration,4399,,,12,,,true,,,true
extension_co_uk_free_am,12,prolongation,0,,,12,,,false,,,false
extension_country,12,registration,3099,,,12,,,true,,,true
extension_coupons,12,registration,5199,,,12,,,true,,,false
extension_coupons,24,registration,10398,,,24,,,true,,,false
extension_coupons,36,registration,15597,,,36,,,true,,,false
extension_courses,12,registration,4099,,,12,,,true,,,false
extension_courses,24,registration,8198,,,24,,,true,,,false
extension_courses,36,registration,12297,,,36,,,true,,,false
extension_co.uz,24,registration,33471,,,24,,,true,,,true
extension_co.ve,12,registration,10299,,,12,,,true,,,true
extension_co.za,12,registration,2499,,,12,,,true,,,true
extension_cr,12,registration,11799,,,12,,,true,,,false
extension_cr,24,registration,23598,,,24,,,true,,,false
extension_cr,36,registration,35397,,,36,,,true,,,false
extension_credit,12,registration,10299,,,12,,,true,,,false
extension_credit,24,registration,20598,,,24,,,true,,,false
extension_credit,36,registration,30897,,,36,,,true,,,false
extension_creditcard,12,registration,15399,,,12,,,true,,,false
extension_creditcard,24,registration,30798,,,24,,,true,,,false
extension_creditcard,36,registration,46197,,,36,,,true,,,false
extension_creditunion,12,registration,15399,,,12,,,true,,,false
extension_creditunion,24,registration,30798,,,24,,,true,,,false
extension_creditunion,36,registration,46197,,,36,,,true,,,false
extension_cricket,12,registration,7999,,,12,,,true,,,false
extension_cricket,24,registration,15997,,,24,,,true,,,false
extension_cricket,36,registration,23997,,,36,,,true,,,false
extension_cruises,12,registration,5199,,,12,,,true,,,false
extension_cruises,24,registration,10398,,,24,,,true,,,false
extension_cruises,36,registration,15597,,,36,,,true,,,false
extension_cu,12,registration,97399,,,12,,,true,,,false
extension_cu,24,registration,194798,,,24,,,true,,,false
extension_cu,36,registration,292197,,,36,,,true,,,false
extension_cw,12,registration,12273,,,12,,,true,,,false
extension_cw,24,registration,23599,,,24,,,true,,,false
extension_cw,36,registration,36819,,,36,,,true,,,false
extension_cx,12,registration,3099,,,12,,,true,,,false
extension_cx,24,registration,4958,,,24,,,true,,,false
extension_cx,36,registration,7197,,,36,,,true,,,false
extension_cy,12,registration,8368,,,12,,,true,,,true
extension_cymru,12,registration,3099,,,12,,,true,,,false
extension_cymru,24,registration,6198,,,24,,,true,,,false
extension_cymru,36,registration,9297,,,36,,,true,,,false
extension_cyou,12,registration,1299,,,12,,,true,,,false
extension_cyou,24,registration,2598,,,24,,,true,,,false
extension_cyou,36,registration,3897,,,36,,,true,,,false
extension_cz,12,registration,6899,,,12,,,true,,,false
extension_cz,24,registration,12398,,,24,,,true,,,false
extension_cz,36,registration,18597,,,36,,,true,,,false
extension_dance,12,registration,3099,,,12,,,true,,,false
extension_dance,24,registration,6198,,,24,,,true,,,false
extension_dance,36,registration,9297,,,36,,,true,,,false
extension_date,12,registration,3099,,,12,,,true,,,false
extension_date,24,registration,6198,,,24,,,true,,,false
extension_date,36,registration,9297,,,36,,,true,,,false
extension_dating,12,registration,5199,,,12,,,true,,,false
extension_dating,24,registration,10398,,,24,,,true,,,false
extension_dating,36,registration,15597,,,36,,,true,,,false
extension_de,12,registration,4099,,,12,,,true,,,false
extension_de,24,registration,6558,,,24,,,true,,,false
extension_de,36,registration,8608,,,36,,,true,,,false
extension_deals,12,registration,3999,,,12,,,true,,,false
extension_deals,24,registration,7998,,,24,,,true,,,false
extension_deals,36,registration,11997,,,36,,,true,,,false
extension_de_free_am,12,prolongation,0,,,12,,,false,,,false
extension_degree,12,registration,5199,,,12,,,true,,,false
extension_degree,24,registration,10398,,,24,,,true,,,false
extension_degree,36,registration,15597,,,36,,,true,,,false
extension_delivery,12,registration,5199,,,12,,,true,,,false
extension_delivery,24,registration,10398,,,24,,,true,,,false
extension_delivery,36,registration,15597,,,36,,,true,,,false
extension_democrat,12,registration,3499,,,12,,,true,,,false
extension_democrat,24,registration,6998,,,24,,,true,,,false
extension_democrat,36,registration,10497,,,36,,,true,,,false
extension_dental,12,registration,5499,,,12,,,true,,,false
extension_dental,24,registration,10998,,,24,,,true,,,false
extension_dental,36,registration,16497,,,36,,,true,,,false
extension_dentist,12,registration,5199,,,12,,,true,,,false
extension_dentist,24,registration,10398,,,24,,,true,,,false
extension_dentist,36,registration,15597,,,36,,,true,,,false
extension_desi,12,registration,1899,,,12,,,true,,,false
extension_desi,24,registration,3797,,,24,,,true,,,false
extension_desi,36,registration,5697,,,36,,,true,,,false
extension_design,12,registration,5999,,,12,,,true,,,false
extension_design,24,registration,11998,,,24,,,true,,,false
extension_design,36,registration,17997,,,36,,,true,,,false
extension_dev,12,registration,4399,,,12,,,true,,,false
extension_dev,24,registration,7398,,,24,,,true,,,false
extension_dev,36,registration,11097,,,36,,,true,,,false
extension_diamonds,12,registration,5199,,,12,,,true,,,false
extension_diamonds,24,registration,10398,,,24,,,true,,,false
extension_diamonds,36,registration,15597,,,36,,,true,,,false
extension_diet,12,registration,15399,,,12,,,true,,,false
extension_diet,24,registration,30798,,,24,,,true,,,false
extension_diet,36,registration,46197,,,36,,,true,,,false
extension_digital,12,registration,3999,,,12,,,true,,,false
extension_digital,24,registration,7998,,,24,,,true,,,false
extension_digital,36,registration,11997,,,36,,,true,,,false
extension_direct,12,registration,3999,,,12,,,true,,,false
extension_direct,24,registration,7998,,,24,,,true,,,false
extension_direct,36,registration,11997,,,36,,,true,,,false
extension_directory,12,registration,2099,,,12,,,true,,,false
extension_directory,24,registration,4198,,,24,,,true,,,false
extension_directory,36,registration,6297,,,36,,,true,,,false
extension_discount,12,registration,3499,,,12,,,true,,,false
extension_discount,24,registration,6998,,,24,,,true,,,false
extension_discount,36,registration,10497,,,36,,,true,,,false
extension_dj,12,registration,9499,,,12,,,true,,,false
extension_dj,24,registration,18998,,,24,,,true,,,false
extension_dj,36,registration,28497,,,36,,,true,,,false
extension_dk,12,registration,4399,,,12,,,true,,,false
extension_dk,24,registration,7398,,,24,,,true,,,false
extension_dk,36,registration,11097,,,36,,,true,,,false
extension_dm,12,registration,25699,,,12,,,true,,,false
extension_dm,24,registration,51398,,,24,,,true,,,false
extension_dm,36,registration,77097,,,36,,,true,,,false
extension_do,12,registration,10299,,,12,,,true,,,false
extension_do,24,registration,23000,,,24,,,true,,,false
extension_do,36,registration,30897,,,36,,,true,,,false
extension_doctor,12,registration,10299,,,12,,,true,,,false
extension_doctor,24,registration,20598,,,24,,,true,,,false
extension_doctor,36,registration,30897,,,36,,,true,,,false
extension_dog,12,registration,5199,,,12,,,true,,,false
extension_dog,24,registration,10398,,,24,,,true,,,false
extension_dog,36,registration,15597,,,36,,,true,,,false
extension_domains,12,registration,3099,,,12,,,true,,,false
extension_domains,24,registration,6198,,,24,,,true,,,false
extension_domains,36,registration,9297,,,36,,,true,,,false
extension_download,12,registration,3099,,,12,,,true,,,false
extension_download,24,registration,6198,,,24,,,true,,,false
extension_download,36,registration,9297,,,36,,,true,,,false
extension_durban,12,registration,1699,,,12,,,true,,,false
extension_durban,24,registration,3397,,,24,,,true,,,false
extension_durban,36,registration,5097,,,36,,,true,,,false
extension_dz,12,registration,97399,,,12,,,true,,,false
extension_dz,24,registration,194798,,,24,,,true,,,false
extension_dz,36,registration,292197,,,36,,,true,,,false
extension_earth,12,registration,2999,,,12,,,true,,,false
extension_earth,24,registration,5998,,,24,,,true,,,false
extension_earth,36,registration,8997,,,36,,,true,,,false
extension_ebiz.tw,12,registration,3099,,,12,,,true,,,true
extension_ec,12,registration,7699,,,12,,,true,,,false
extension_ec,24,registration,15397,,,24,,,true,,,false
extension_ec,36,registration,23097,,,36,,,true,,,false
extension_eco,12,registration,7699,,,12,,,true,,,false
extension_eco,24,registration,15397,,,24,,,true,,,false
extension_eco,36,registration,23097,,,36,,,true,,,false
extension_edu,12,registration,13223,,,12,,,true,,,true
extension_edu.bi,12,registration,10299,,,12,,,true,,,true
extension_education,12,registration,2499,,,12,,,true,,,false
extension_education,24,registration,4998,,,24,,,true,,,false
extension_education,36,registration,7497,,,36,,,true,,,false
extension_edu.hk,12,registration,4380,,,12,,,true,,,true
extension_edu.lk,12,registration,23099,,,12,,,true,,,true
extension_edu.lv,12,registration,3099,,,12,,,true,,,true
extension_edu.ng,12,registration,15399,,,12,,,true,,,true
extension_edu.pt,12,registration,3075,,,12,,,true,,,true
extension_ee,12,registration,7999,,,12,,,true,,,false
extension_ee,24,registration,15997,,,24,,,true,,,false
extension_ee,36,registration,23997,,,36,,,true,,,false
extension_eg,12,registration,51299,,,12,,,true,,,false
extension_eg,24,registration,102598,,,24,,,true,,,false
extension_eg,36,registration,153897,,,36,,,true,,,false
extension_email,12,registration,4899,,,12,,,true,,,false
extension_email,24,registration,8398,,,24,,,true,,,false
extension_email,36,registration,12597,,,36,,,true,,,false
extension_energy,12,registration,11999,,,12,,,true,,,false
extension_energy,24,registration,23998,,,24,,,true,,,false
extension_energy,36,registration,35997,,,36,,,true,,,false
extension_engineer,12,registration,3499,,,12,,,true,,,false
extension_engineer,24,registration,6998,,,24,,,true,,,false
extension_engineer,36,registration,10497,,,36,,,true,,,false
extension_engineering,12,registration,5999,,,12,,,true,,,false
extension_engineering,24,registration,11998,,,24,,,true,,,false
extension_engineering,36,registration,17997,,,36,,,true,,,false
extension_enterprises,12,registration,3099,,,12,,,true,,,false
extension_enterprises,24,registration,6198,,,24,,,true,,,false
extension_enterprises,36,registration,9297,,,36,,,true,,,false
extension_equipment,12,registration,2999,,,12,,,true,,,false
extension_equipment,24,registration,5998,,,24,,,true,,,false
extension_equipment,36,registration,8997,,,36,,,true,,,false
extension_erotica.hu,24,registration,12399,,,24,,,true,,,true
extension_erotika.hu,24,registration,12399,,,24,,,true,,,true
extension_es,12,registration,4399,,,12,,,true,,,false
extension_es,24,registration,7398,,,24,,,true,,,false
extension_es,36,registration,11097,,,36,,,true,,,false
extension_estate,12,registration,3099,,,12,,,true,,,false
extension_estate,24,registration,6198,,,24,,,true,,,false
extension_estate,36,registration,9297,,,36,,,true,,,false
extension_eu,12,prolongation,1750,,437,12,,,false,,,false
extension_eu,12,prolongation,3119,,,24,,,true,,,false
extension_eu,12,prolongation,2729,,,36,,,true,,,false
extension_eu,12,registration,3899,350,,12,,,true,,,false
extension_eu,12,registration,0,,371,12,,,true,,,false
extension_eu,24,registration,6238,3469,,24,,,true,12,350,false
extension_eu,36,registration,8188,5809,,36,,,true,12,350,false
extension_eu.com,12,registration,2060,,,12,,,true,,,true
extension_eu_free_am,12,prolongation,0,,,12,,,false,,,false
extension_events,12,registration,3999,,,12,,,true,,,false
extension_events,24,registration,7998,,,24,,,true,,,false
extension_events,36,registration,11997,,,36,,,true,,,false
extension_exchange,12,registration,3999,,,12,,,true,,,false
extension_exchange,24,registration,7998,,,24,,,true,,,false
extension_exchange,36,registration,11997,,,36,,,true,,,false
extension_expert,12,registration,5499,,,12,,,true,,,false
extension_expert,24,registration,10998,,,24,,,true,,,false
extension_expert,36,registration,16497,,,36,,,true,,,false
extension_exposed,12,registration,2499,,,12,,,true,,,false
extension_exposed,24,registration,4998,,,24,,,true,,,false
extension_exposed,36,registration,7497,,,36,,,true,,,false
extension_express,12,registration,3099,,,12,,,true,,,false
extension_express,24,registration,6198,,,24,,,true,,,false
extension_express,36,registration,9297,,,36,,,true,,,false
extension_fail,12,registration,3499,,,12,,,true,,,false
extension_fail,24,registration,6998,,,24,,,true,,,false
extension_fail,36,registration,10497,,,36,,,true,,,false
extension_faith,12,registration,3099,,,12,,,true,,,false
extension_faith,24,registration,6198,,,24,,,true,,,false
extension_faith,36,registration,9297,,,36,,,true,,,false
extension_family,12,registration,3499,,,12,,,true,,,false
extension_family,24,registration,6998,,,24,,,true,,,false
extension_family,36,registration,10497,,,36,,,true,,,false
extension_fan,12,registration,4099,,,12,,,true,,,false
extension_fan,24,registration,8198,,,24,,,true,,,false
extension_fan,36,registration,12297,,,36,,,true,,,false
extension_fans,12,registration,6499,,,12,,,true,,,false
extension_fans,24,registration,12997,,,24,,,true,,,false
extension_fans,36,registration,19497,,,36,,,true,,,false
extension_farm,12,registration,3999,,,12,,,true,,,false
extension_farm,24,registration,7998,,,24,,,true,,,false
extension_farm,36,registration,11997,,,36,,,true,,,false
extension_fashion,12,registration,3999,,,12,,,true,,,false
extension_fashion,24,registration,7998,,,24,,,true,,,false
extension_fashion,36,registration,11997,,,36,,,true,,,false
extension_feedback,12,registration,46199,,,12,,,true,,,false
extension_feedback,24,registration,92398,,,24,,,true,,,false
extension_feedback,36,registration,138597,,,36,,,true,,,false
extension_fi,12,registration,3999,,,12,,,true,,,false
extension_fi,24,registration,7998,,,24,,,true,,,false
extension_fi,36,registration,11997,,,36,,,true,,,false
extension_film,12,registration,9000,,,12,,,true,,,true
extension_film.hu,24,registration,12399,,,24,,,true,,,true
extension_finance,12,registration,6499,,,12,,,true,,,false
extension_finance,24,registration,12997,,,24,,,true,,,false
extension_finance,36,registration,19497,,,36,,,true,,,false
extension_financial,12,registration,5199,,,12,,,true,,,false
extension_financial,24,registration,10398,,,24,,,true,,,false
extension_financial,36,registration,15597,,,36,,,true,,,false
extension_firm.in,12,registration,1299,,,12,,,true,,,true
extension_firm.ro,12,registration,1699,,,12,,,true,,,true
extension_fish,12,registration,3099,,,12,,,true,,,false
extension_fish,24,registration,6198,,,24,,,true,,,false
extension_fish,36,registration,9297,,,36,,,true,,,false
extension_fishing,12,registration,3499,,,12,,,true,,,false
extension_fishing,24,registration,6998,,,24,,,true,,,false
extension_fishing,36,registration,10497,,,36,,,true,,,false
extension_fit,12,registration,3999,,,12,,,true,,,false
extension_fit,24,registration,7998,,,24,,,true,,,false
extension_fit,36,registration,11997,,,36,,,true,,,false
extension_fitness,12,registration,3999,,,12,,,true,,,false
extension_fitness,24,registration,7998,,,24,,,true,,,false
extension_fitness,36,registration,11997,,,36,,,true,,,false
extension_flights,12,registration,5999,,,12,,,true,,,false
extension_flights,24,registration,11998,,,24,,,true,,,false
extension_flights,36,registration,17997,,,36,,,true,,,false
extension_florist,12,registration,3499,,,12,,,true,,,false
extension_florist,24,registration,6998,,,24,,,true,,,false
extension_florist,36,registration,10497,,,36,,,true,,,false
extension_flowers,12,registration,18999,,,12,,,true,,,true
extension_fm,12,registration,12499,,,12,,,true,,,false
extension_fm,24,registration,24998,,,24,,,true,,,false
extension_fm,36,registration,37497,,,36,,,true,,,false
extension_fo,12,registration,11799,,,12,,,true,,,false
extension_fo,24,registration,23598,,,24,,,true,,,false
extension_fo,36,registration,35397,,,36,,,true,,,false
extension_football,12,registration,2999,,,12,,,true,,,false
extension_football,24,registration,5998,,,24,,,true,,,false
extension_football,36,registration,8997,,,36,,,true,,,false
extension_forex,12,registration,10499,,,12,,,true,,,false
extension_forex,24,registration,20998,,,24,,,true,,,false
extension_forex,36,registration,31497,,,36,,,true,,,false
extension_forsale,12,registration,3499,,,12,,,true,,,false
extension_forsale,24,registration,6998,,,24,,,true,,,false
extension_forsale,36,registration,10497,,,36,,,true,,,false
extension_forum,12,registration,4999,,,12,,,true,,,false
extension_forum,24,registration,9998,,,24,,,true,,,false
extension_forum,36,registration,14997,,,36,,,true,,,false
extension_forum.hu,24,registration,12399,,,24,,,true,,,true
extension_foundation,12,registration,3999,,,12,,,true,,,false
extension_foundation,24,registration,7998,,,24,,,true,,,false
extension_foundation,36,registration,11997,,,36,,,true,,,false
extension_fr,12,registration,4899,,,12,,,true,,,false
extension_fr,24,registration,8398,,,24,,,true,,,false
extension_fr,36,registration,12597,,,36,,,true,,,false
extension_frl,12,registration,6899,,,12,,,true,,,false
extension_frl,24,registration,12398,,,24,,,true,,,false
extension_frl,36,registration,18597,,,36,,,true,,,false
extension_frl_free_am,12,prolongation,0,,,12,,,false,,,false
extension_fun,12,registration,3699,,,12,,,true,,,false
extension_fun,24,registration,5998,,,24,,,true,,,false
extension_fun,36,registration,8997,,,36,,,true,,,false
extension_fund,12,registration,5199,,,12,,,true,,,false
extension_fund,24,registration,10398,,,24,,,true,,,false
extension_fund,36,registration,15597,,,36,,,true,,,false
extension_furniture,12,registration,9299,,,12,,,true,,,false
extension_furniture,24,registration,17198,,,24,,,true,,,false
extension_furniture,36,registration,25797,,,36,,,true,,,false
extension_futbol,12,registration,1999,,,12,,,true,,,false
extension_futbol,24,registration,3997,,,24,,,true,,,false
extension_futbol,36,registration,5997,,,36,,,true,,,false
extension_fyi,12,registration,2099,,,12,,,true,,,false
extension_fyi,24,registration,4198,,,24,,,true,,,false
extension_fyi,36,registration,6297,,,36,,,true,,,false
extension_ga,12,registration,1899,,,12,,,true,,,false
extension_ga,24,registration,3797,,,24,,,true,,,false
extension_ga,36,registration,5697,,,36,,,true,,,false
extension_gallery,12,registration,3999,,,12,,,true,,,false
extension_gallery,24,registration,7998,,,24,,,true,,,false
extension_gallery,36,registration,11997,,,36,,,true,,,false
extension_game,12,registration,38499,,,12,,,true,,,false
extension_game,24,registration,76998,,,24,,,true,,,false
extension_game,36,registration,115497,,,36,,,true,,,false
extension_games,12,registration,2999,,,12,,,true,,,false
extension_games,24,registration,5998,,,24,,,true,,,false
extension_games,36,registration,8997,,,36,,,true,,,false
extension_games.hu,24,registration,12399,,,24,,,true,,,true
extension_game.tw,12,registration,3099,,,12,,,true,,,true
extension_garden,12,registration,3099,,,12,,,true,,,false
extension_garden,24,registration,6198,,,24,,,true,,,false
extension_garden,36,registration,9297,,,36,,,true,,,false
extension_gay,12,registration,4099,,,12,,,true,,,false
extension_gay,24,registration,8198,,,24,,,true,,,false
extension_gay,36,registration,12297,,,36,,,true,,,false
extension_gd,12,registration,5199,,,12,,,true,,,false
extension_gd,24,registration,10398,,,24,,,true,,,false
extension_gd,36,registration,15597,,,36,,,true,,,false
extension_ge,12,registration,23099,,,12,,,true,,,false
extension_ge,24,registration,46198,,,24,,,true,,,false
extension_ge,36,registration,69297,,,36,,,true,,,false
extension_gen.in,12,registration,1299,,,12,,,true,,,true
extension_gent,12,registration,3999,,,12,,,true,,,false
extension_gent,24,registration,7998,,,24,,,true,,,false
extension_gent,36,registration,11997,,,36,,,true,,,false
extension_gen.tr,12,registration,1699,,,12,,,true,,,true
extension_gf,12,registration,18499,,,12,,,true,,,false
extension_gf,24,registration,36998,,,24,,,true,,,false
extension_gf,36,registration,55497,,,36,,,true,,,false
extension_gg,12,registration,10299,,,12,,,true,,,false
extension_gg,24,registration,20598,,,24,,,true,,,false
extension_gg,36,registration,30897,,,36,,,true,,,false
extension_gi,24,registration,30799,,,24,,,true,,,true
extension_gift,12,registration,2999,,,12,,,true,,,false
extension_gift,24,registration,5998,,,24,,,true,,,false
extension_gift,36,registration,8997,,,36,,,true,,,false
extension_gifts,12,registration,4499,,,12,,,true,,,false
extension_gifts,24,registration,8998,,,24,,,true,,,false
extension_gifts,36,registration,13497,,,36,,,true,,,false
extension_gives,12,registration,3099,,,12,,,true,,,false
extension_gives,24,registration,6198,,,24,,,true,,,false
extension_gives,36,registration,9297,,,36,,,true,,,false
extension_gl,12,registration,7699,,,12,,,true,,,false
extension_gl,24,registration,15397,,,24,,,true,,,false
extension_gl,36,registration,23097,,,36,,,true,,,false
extension_glass,12,registration,5999,,,12,,,true,,,false
extension_glass,24,registration,11998,,,24,,,true,,,false
extension_glass,36,registration,17997,,,36,,,true,,,false
extension_global,12,registration,8999,,,12,,,true,,,false
extension_global,24,registration,17998,,,24,,,true,,,false
extension_global,36,registration,26997,,,36,,,true,,,false
extension_gm,12,registration,51299,,,12,,,true,,,false
extension_gm,24,registration,102598,,,24,,,true,,,false
extension_gm,36,registration,153897,,,36,,,true,,,false
extension_gmbh,12,registration,3499,,,12,,,true,,,false
extension_gmbh,24,registration,6998,,,24,,,true,,,false
extension_gmbh,36,registration,10497,,,36,,,true,,,false
extension_gold,12,registration,10299,,,12,,,true,,,false
extension_gold,24,registration,20598,,,24,,,true,,,false
extension_gold,36,registration,30897,,,36,,,true,,,false
extension_golf,12,registration,5199,,,12,,,true,,,false
extension_golf,24,registration,10398,,,24,,,true,,,false
extension_golf,36,registration,15597,,,36,,,true,,,false
extension_gp,12,registration,18499,,,12,,,true,,,false
extension_gp,24,registration,36998,,,24,,,true,,,false
extension_gp,36,registration,55497,,,36,,,true,,,false
extension_gq,12,registration,1899,,,12,,,true,,,false
extension_gq,24,registration,3797,,,24,,,true,,,false
extension_gq,36,registration,5697,,,36,,,true,,,false
extension_gr,12,prolongation,5999,,,12,,,true,,,false
extension_gr,12,registration,4788,,,12,,,true,,,false
extension_gr,24,registration,8199,,,24,,,true,,,false
extension_gr,36,registration,14363,,,36,,,true,,,false
extension_graphics,12,registration,2999,,,12,,,true,,,false
extension_graphics,24,registration,5998,,,24,,,true,,,false
extension_graphics,36,registration,8997,,,36,,,true,,,false
extension_gratis,12,registration,2999,,,12,,,true,,,false
extension_gratis,24,registration,5998,,,24,,,true,,,false
extension_gratis,36,registration,8997,,,36,,,true,,,false
extension_green,12,registration,7999,,,12,,,true,,,false
extension_green,24,registration,15997,,,24,,,true,,,false
extension_green,36,registration,23997,,,36,,,true,,,false
extension_gripe,12,registration,3099,,,12,,,true,,,false
extension_gripe,24,registration,6198,,,24,,,true,,,false
extension_gripe,36,registration,9297,,,36,,,true,,,false
extension_group,12,registration,2999,,,12,,,true,,,false
extension_group,24,registration,5998,,,24,,,true,,,false
extension_group,36,registration,8997,,,36,,,true,,,false
extension_gs,12,registration,4099,,,12,,,true,,,false
extension_gs,24,registration,8198,,,24,,,true,,,false
extension_gs,36,registration,12297,,,36,,,true,,,false
extension_gt,12,registration,7699,,,12,,,true,,,false
extension_gt,24,registration,15000,,,24,,,true,,,false
extension_gt,36,registration,23097,,,36,,,true,,,false
extension_guide,12,registration,3999,,,12,,,true,,,false
extension_guide,24,registration,7998,,,24,,,true,,,false
extension_guide,36,registration,11997,,,36,,,true,,,false
extension_guitars,12,registration,15399,,,12,,,true,,,false
extension_guitars,24,registration,30798,,,24,,,true,,,false
extension_guitars,36,registration,46197,,,36,,,true,,,false
extension_guru,12,registration,3999,,,12,,,true,,,false
extension_guru,24,registration,7998,,,24,,,true,,,false
extension_guru,36,registration,11997,,,36,,,true,,,false
extension_gw,24,registration,46198,,,24,,,true,,,true
extension_gy,12,registration,6199,,,12,,,true,,,false
extension_gy,24,registration,12398,,,24,,,true,,,false
extension_gy,36,registration,18597,,,36,,,true,,,false
extension_hair,12,registration,1499,,,12,,,true,,,false
extension_hair,24,registration,2998,,,24,,,true,,,false
extension_hair,36,registration,4497,,,36,,,true,,,false
extension_hamburg,12,registration,5199,,,12,,,true,,,false
extension_hamburg,24,registration,10398,,,24,,,true,,,false
extension_hamburg,36,registration,15597,,,36,,,true,,,false
extension_haus,12,registration,3099,,,12,,,true,,,false
extension_haus,24,registration,6198,,,24,,,true,,,false
extension_haus,36,registration,9297,,,36,,,true,,,false
extension_health,12,registration,9499,,,12,,,true,,,false
extension_health,24,registration,18998,,,24,,,true,,,false
extension_health,36,registration,28497,,,36,,,true,,,false
extension_healthcare,12,registration,8499,,,12,,,true,,,false
extension_healthcare,24,registration,15597,,,24,,,true,,,false
extension_healthcare,36,registration,23397,,,36,,,true,,,false
extension_help,12,registration,3999,,,12,,,true,,,false
extension_help,24,registration,7998,,,24,,,true,,,false
extension_help,36,registration,11997,,,36,,,true,,,false
extension_hiphop,12,registration,15399,,,12,,,true,,,false
extension_hiphop,24,registration,30798,,,24,,,true,,,false
extension_hiphop,36,registration,46197,,,36,,,true,,,false
extension_hiv,12,registration,23099,,,12,,,true,,,false
extension_hiv,24,registration,46198,,,24,,,true,,,false
extension_hiv,36,registration,69297,,,36,,,true,,,false
extension_hk,12,registration,6999,,,12,,,true,,,false
extension_hk,24,registration,13997,,,24,,,true,,,false
extension_hk,36,registration,20997,,,36,,,true,,,false
extension_hm,12,registration,7699,,,12,,,true,,,false
extension_hm,24,registration,15397,,,24,,,true,,,false
extension_hm,36,registration,23097,,,36,,,true,,,false
extension_hn,12,registration,11799,,,12,,,true,,,false
extension_hn,24,registration,23598,,,24,,,true,,,false
extension_hn,36,registration,35397,,,36,,,true,,,false
extension_hockey,12,registration,5199,,,12,,,true,,,false
extension_hockey,24,registration,10398,,,24,,,true,,,false
extension_hockey,36,registration,15597,,,36,,,true,,,false
extension_holdings,12,registration,5199,,,12,,,true,,,false
extension_holdings,24,registration,10398,,,24,,,true,,,false
extension_holdings,36,registration,15597,,,36,,,true,,,false
extension_holiday,12,registration,5199,,,12,,,true,,,false
extension_holiday,24,registration,10398,,,24,,,true,,,false
extension_holiday,36,registration,15597,,,36,,,true,,,false
extension_homes,12,registration,4099,,,12,,,true,,,false
extension_homes,24,registration,8198,,,24,,,true,,,false
extension_homes,36,registration,12297,,,36,,,true,,,false
extension_horse,12,registration,3499,,,12,,,true,,,false
extension_horse,24,registration,6998,,,24,,,true,,,false
extension_horse,36,registration,10497,,,36,,,true,,,false
extension_hospital,12,registration,5199,,,12,,,true,,,false
extension_hospital,24,registration,10398,,,24,,,true,,,false
extension_hospital,36,registration,15597,,,36,,,true,,,false
extension_host,12,registration,10299,,,12,,,true,,,false
extension_host,24,registration,20598,,,24,,,true,,,false
extension_host,36,registration,30897,,,36,,,true,,,false
extension_hosting,12,registration,54999,,,12,,,true,,,false
extension_hosting,24,registration,109998,,,24,,,true,,,false
extension_hosting,36,registration,164997,,,36,,,true,,,false
extension_hotel.hu,24,registration,12399,,,24,,,true,,,true
extension_house,12,registration,3499,,,12,,,true,,,false
extension_house,24,registration,6998,,,24,,,true,,,false
extension_house,36,registration,10497,,,36,,,true,,,false
extension_how,12,registration,3099,,,12,,,true,,,false
extension_how,24,registration,6198,,,24,,,true,,,false
extension_how,36,registration,9297,,,36,,,true,,,false
extension_hr,12,registration,19999,,,12,,,true,,,false
extension_hr,24,registration,39998,,,24,,,true,,,false
extension_hr,36,registration,59997,,,36,,,true,,,false
extension_ht,12,registration,15399,,,12,,,true,,,false
extension_ht,24,registration,30798,,,24,,,true,,,false
extension_ht,36,registration,46197,,,36,,,true,,,false
extension_hu,12,registration,5000,,,12,,,true,,,false
extension_hu,24,registration,8199,,,24,,,true,,,false
extension_hu,36,registration,15000,,,36,,,true,,,false
extension_icu,12,registration,1299,,,12,,,true,,,false
extension_icu,24,registration,2598,,,24,,,true,,,false
extension_icu,36,registration,3897,,,36,,,true,,,false
extension_id,12,registration,12999,,,12,,,true,,,false
extension_id,24,registration,25998,,,24,,,true,,,false
extension_id,36,registration,38997,,,36,,,true,,,false
extension_id.au,12,registration,4099,,,12,,,true,,,true
extension_id.au,24,registration,8000,,,24,,,true,,,false
extension_idv.hk,12,registration,4380,,,12,,,true,,,true
extension_idv.tw,12,registration,3099,,,12,,,true,,,true
extension_ie,12,registration,5999,,,12,,,true,,,false
extension_ie,24,registration,11998,,,24,,,true,,,false
extension_ie,36,registration,17997,,,36,,,true,,,false
extension_im,12,registration,3099,,,12,,,true,,,false
extension_im,24,registration,6198,,,24,,,true,,,false
extension_im,36,registration,9297,,,36,,,true,,,false
extension_immo,12,registration,3499,,,12,,,true,,,false
extension_immo,24,registration,6998,,,24,,,true,,,false
extension_immo,36,registration,10497,,,36,,,true,,,false
extension_immobilien,12,registration,3499,,,12,,,true,,,false
extension_immobilien,24,registration,6998,,,24,,,true,,,false
extension_immobilien,36,registration,10497,,,36,,,true,,,false
extension_in,12,registration,4899,,,12,,,true,,,false
extension_in,24,registration,8398,,,24,,,true,,,false
extension_in,36,registration,12597,,,36,,,true,,,false
extension_inc,12,registration,266499,,,12,,,true,,,false
extension_inc,24,registration,532998,,,24,,,true,,,false
extension_inc,36,registration,799497,,,36,,,true,,,false
extension_ind.in,12,registration,1299,,,12,,,true,,,true
extension_industries,12,registration,3499,,,12,,,true,,,false
extension_industries,24,registration,6998,,,24,,,true,,,false
extension_industries,36,registration,10497,,,36,,,true,,,false
extension_info,12,registration,4299,,,12,,,true,,,false
extension_info,24,registration,6878,,,24,,,true,,,false
extension_info,36,registration,9028,,,36,,,true,,,false
extension_info.bd,24,registration,12399,,,24,,,true,,,true
extension_info.bi,12,registration,10299,,,12,,,true,,,true
extension_info.fj,12,registration,23099,,,12,,,true,,,true
extension_info_free_am,12,prolongation,0,,,12,,,false,,,false
extension_info.hu,24,registration,12399,,,24,,,true,,,true
extension_info.ro,12,registration,1699,,,12,,,true,,,true
extension_info.tr,12,registration,1699,,,12,,,true,,,true
extension_info.ve,12,registration,10299,,,12,,,true,,,true
extension_info.vn,12,registration,15399,,,12,,,true,,,true
extension_ingatlan.hu,24,registration,12399,,,24,,,true,,,true
extension_ink,12,registration,3999,,,12,,,true,,,false
extension_ink,24,registration,7998,,,24,,,true,,,false
extension_ink,36,registration,11997,,,36,,,true,,,false
extension_institute,12,registration,2499,,,12,,,true,,,false
extension_institute,24,registration,4998,,,24,,,true,,,false
extension_institute,36,registration,7497,,,36,,,true,,,false
extension_insure,12,registration,5199,,,12,,,true,,,false
extension_insure,24,registration,10398,,,24,,,true,,,false
extension_insure,36,registration,15597,,,36,,,true,,,false
extension_international,12,registration,3499,,,12,,,true,,,false
extension_international,24,registration,6998,,,24,,,true,,,false
extension_international,36,registration,10497,,,36,,,true,,,false
extension_in.th,12,registration,7699,,,12,,,true,,,true
extension_investments,12,registration,10299,,,12,,,true,,,false
extension_investments,24,registration,20598,,,24,,,true,,,false
extension_investments,36,registration,30897,,,36,,,true,,,false
extension_io,12,prolongation,0,,272,12,,,true,,,false
extension_io,12,registration,8399,,,12,,,true,,,false
extension_io,12,registration,0,,272,12,,,true,,,false
extension_io,24,registration,15397,,,24,,,true,,,false
extension_io,36,registration,23097,,,36,,,true,,,false
extension_ir,12,registration,4099,,,12,,,true,,,false
extension_ir,24,registration,8198,,,24,,,true,,,false
extension_ir,36,registration,12297,,,36,,,true,,,false
extension_irish,12,registration,2999,,,12,,,true,,,false
extension_irish,24,registration,5998,,,24,,,true,,,false
extension_irish,36,registration,8997,,,36,,,true,,,false
extension_is,12,registration,7499,,,12,,,true,,,false
extension_is,24,registration,14997,,,24,,,true,,,false
extension_is,36,registration,22497,,,36,,,true,,,false
extension_ist,12,registration,2499,,,12,,,true,,,false
extension_ist,24,registration,4998,,,24,,,true,,,false
extension_ist,36,registration,7497,,,36,,,true,,,false
extension_istanbul,12,registration,2099,,,12,,,true,,,false
extension_istanbul,24,registration,4198,,,24,,,true,,,false
extension_istanbul,36,registration,6297,,,36,,,true,,,false
extension_it,12,registration,3399,,,12,,,true,,,false
extension_it,24,registration,5438,,,24,,,true,,,false
extension_it,36,registration,8097,,,36,,,true,,,false
extension_je,12,registration,16999,,,12,,,true,,,false
extension_je,24,registration,33998,,,24,,,true,,,false
extension_je,36,registration,50997,,,36,,,true,,,false
extension_jetzt,12,registration,2499,,,12,,,true,,,false
extension_jetzt,24,registration,4998,,,24,,,true,,,false
extension_jetzt,36,registration,7497,,,36,,,true,,,false
extension_jewelry,12,registration,5199,,,12,,,true,,,false
extension_jewelry,24,registration,10398,,,24,,,true,,,false
extension_jewelry,36,registration,15597,,,36,,,true,,,false
extension_jo,12,registration,97399,,,12,,,true,,,false
extension_jo,24,registration,194798,,,24,,,true,,,false
extension_jo,36,registration,292197,,,36,,,true,,,false
extension_jobs,12,registration,15399,,,12,,,true,,,false
extension_jobs,24,registration,30798,,,24,,,true,,,false
extension_jobs,36,registration,46197,,,36,,,true,,,false
extension_joburg,12,registration,1699,,,12,,,true,,,false
extension_joburg,24,registration,3397,,,24,,,true,,,false
extension_joburg,36,registration,5097,,,36,,,true,,,false
extension_jogasz.hu,24,registration,12399,,,24,,,true,,,true
extension_jp,12,registration,10999,,,12,,,true,,,false
extension_jp,24,registration,21998,,,24,,,true,,,false
extension_jp,36,registration,32997,,,36,,,true,,,false
extension_juegos,12,registration,46199,,,12,,,true,,,false
extension_juegos,24,registration,92398,,,24,,,true,,,false
extension_juegos,36,registration,138597,,,36,,,true,,,false
extension_kaufen,12,registration,3099,,,12,,,true,,,false
extension_kaufen,24,registration,6198,,,24,,,true,,,false
extension_kaufen,36,registration,9297,,,36,,,true,,,false
extension_kg,12,registration,30799,,,12,,,true,,,false
extension_kg,24,registration,61598,,,24,,,true,,,false
extension_kg,36,registration,92397,,,36,,,true,,,false
extension_ki,12,registration,163999,,,12,,,true,,,false
extension_ki,24,registration,327998,,,24,,,true,,,false
extension_ki,36,registration,491997,,,36,,,true,,,false
extension_kim,12,registration,2499,,,12,,,true,,,false
extension_kim,24,registration,4998,,,24,,,true,,,false
extension_kim,36,registration,7497,,,36,,,true,,,false
extension_kitchen,12,registration,5199,,,12,,,true,,,false
extension_kitchen,24,registration,10398,,,24,,,true,,,false
extension_kitchen,36,registration,15597,,,36,,,true,,,false
extension_kiwi.nz,12,registration,3099,,,12,,,true,,,true
extension_kn,12,registration,33399,,,12,,,true,,,false
extension_kn,24,registration,66798,,,24,,,true,,,false
extension_kn,36,registration,100197,,,36,,,true,,,false
extension_koeln,12,registration,3199,,,12,,,true,,,false
extension_koeln,24,registration,5118,,,24,,,true,,,false
extension_koeln,36,registration,7497,,,36,,,true,,,false
extension_konyvelo.hu,24,registration,12399,,,24,,,true,,,true
extension_kr,12,registration,4999,,,12,,,true,,,false
extension_kr,24,registration,9998,,,24,,,true,,,false
extension_kr,36,registration,14997,,,36,,,true,,,false
extension_ky,12,registration,11799,,,12,,,true,,,false
extension_ky,24,registration,23598,,,24,,,true,,,false
extension_ky,36,registration,35397,,,36,,,true,,,false
extension_kyoto,12,registration,7699,,,12,,,true,,,false
extension_kyoto,24,registration,15397,,,24,,,true,,,false
extension_kyoto,36,registration,23097,,,36,,,true,,,false
extension_kz,12,registration,4999,,,12,,,true,,,false
extension_kz,24,registration,9998,,,24,,,true,,,false
extension_kz,36,registration,14997,,,36,,,true,,,false
extension_la,12,registration,4999,,,12,,,true,,,false
extension_la,24,registration,9998,,,24,,,true,,,false
extension_la,36,registration,14997,,,36,,,true,,,false
extension_lakas.hu,24,registration,12399,,,24,,,true,,,true
extension_land,12,registration,3999,,,12,,,true,,,false
extension_land,24,registration,7998,,,24,,,true,,,false
extension_land,36,registration,11997,,,36,,,true,,,false
extension_law,12,registration,11999,,,12,,,true,,,false
extension_law,24,registration,23998,,,24,,,true,,,false
extension_law,36,registration,35997,,,36,,,true,,,false
extension_lawyer,12,registration,5199,,,12,,,true,,,false
extension_lawyer,24,registration,10398,,,24,,,true,,,false
extension_lawyer,36,registration,15597,,,36,,,true,,,false
extension_lc,12,registration,3099,,,12,,,true,,,false
extension_lc,24,registration,6198,,,24,,,true,,,false
extension_lc,36,registration,9297,,,36,,,true,,,false
extension_lease,12,registration,5199,,,12,,,true,,,false
extension_lease,24,registration,10398,,,24,,,true,,,false
extension_lease,36,registration,15597,,,36,,,true,,,false
extension_legal,12,registration,5199,,,12,,,true,,,false
extension_legal,24,registration,10398,,,24,,,true,,,false
extension_legal,36,registration,15597,,,36,,,true,,,false
extension_lgbt,12,registration,7299,,,12,,,true,,,false
extension_lgbt,24,registration,14597,,,24,,,true,,,false
extension_lgbt,36,registration,21897,,,36,,,true,,,false
extension_li,12,registration,2499,,,12,,,true,,,false
extension_li,24,registration,4998,,,24,,,true,,,false
extension_li,36,registration,7497,,,36,,,true,,,false
extension_life,12,registration,3999,,,12,,,true,,,false
extension_life,24,registration,7998,,,24,,,true,,,false
extension_life,36,registration,11997,,,36,,,true,,,false
extension_lighting,12,registration,2999,,,12,,,true,,,false
extension_lighting,24,registration,5998,,,24,,,true,,,false
extension_lighting,36,registration,8997,,,36,,,true,,,false
extension_limited,12,registration,3999,,,12,,,true,,,false
extension_limited,24,registration,7998,,,24,,,true,,,false
extension_limited,36,registration,11997,,,36,,,true,,,false
extension_limo,12,registration,5199,,,12,,,true,,,false
extension_limo,24,registration,10398,,,24,,,true,,,false
extension_limo,36,registration,15597,,,36,,,true,,,false
extension_link,12,registration,1999,,,12,,,true,,,false
extension_link,24,registration,3997,,,24,,,true,,,false
extension_link,36,registration,5997,,,36,,,true,,,false
extension_live,12,registration,2999,,,12,,,true,,,false
extension_live,24,registration,5998,,,24,,,true,,,false
extension_live,36,registration,8997,,,36,,,true,,,false
extension_lk,12,registration,11799,,,12,,,true,,,false
extension_lk,24,registration,23598,,,24,,,true,,,false
extension_lk,36,registration,35397,,,36,,,true,,,false
extension_llc,12,registration,3099,,,12,,,true,,,false
extension_llc,24,registration,6198,,,24,,,true,,,false
extension_llc,36,registration,9297,,,36,,,true,,,false
extension_l.lc,12,registration,2099,,,12,,,true,,,true
extension_loan,12,registration,3099,,,12,,,true,,,false
extension_loan,24,registration,6198,,,24,,,true,,,false
extension_loan,36,registration,9297,,,36,,,true,,,false
extension_loans,12,registration,10299,,,12,,,true,,,false
extension_loans,24,registration,20598,,,24,,,true,,,false
extension_loans,36,registration,30897,,,36,,,true,,,false
extension_lol,12,registration,3099,,,12,,,true,,,false
extension_lol,24,registration,6198,,,24,,,true,,,false
extension_lol,36,registration,9297,,,36,,,true,,,false
extension_london,12,registration,4499,,,12,,,true,,,false
extension_london,24,registration,8998,,,24,,,true,,,false
extension_london,36,registration,13497,,,36,,,true,,,false
extension_lotto,12,registration,163999,,,12,,,true,,,false
extension_lotto,24,registration,327998,,,24,,,true,,,false
extension_lotto,36,registration,491997,,,36,,,true,,,false
extension_love,12,registration,3999,,,12,,,true,,,false
extension_love,24,registration,7998,,,24,,,true,,,false
extension_love,36,registration,11997,,,36,,,true,,,false
extension_lt,12,registration,3999,,,12,,,true,,,false
extension_lt,24,registration,7998,,,24,,,true,,,false
extension_lt,36,registration,11997,,,36,,,true,,,false
extension_ltd,12,registration,2499,,,12,,,true,,,false
extension_ltd,24,registration,4998,,,24,,,true,,,false
extension_ltd,36,registration,7497,,,36,,,true,,,false
extension_ltda,12,registration,4099,,,12,,,true,,,false
extension_ltda,24,registration,8198,,,24,,,true,,,false
extension_ltda,36,registration,12297,,,36,,,true,,,false
extension_ltd.gi,24,registration,51399,,,24,,,true,,,true
extension_ltd.uk,12,registration,1299,,,12,,,true,,,true
extension_lu,12,registration,6399,,,12,,,true,,,false
extension_lu,24,registration,11398,,,24,,,true,,,false
extension_lu,36,registration,17097,,,36,,,true,,,false
extension_luxe,12,registration,2099,,,12,,,true,,,false
extension_luxe,24,registration,4198,,,24,,,true,,,false
extension_luxe,36,registration,6297,,,36,,,true,,,false
extension_lv,12,registration,3999,,,12,,,true,,,false
extension_lv,24,registration,7998,,,24,,,true,,,false
extension_lv,36,registration,11997,,,36,,,true,,,false
extension_ly,12,registration,20999,,,12,,,true,,,false
extension_ly,24,registration,41998,,,24,,,true,,,false
extension_ly,36,registration,62997,,,36,,,true,,,false
extension_ma,12,registration,10999,,,12,,,true,,,false
extension_ma,24,registration,19174,,,24,,,true,,,false
extension_ma,36,registration,32997,,,36,,,true,,,false
extension_maison,12,registration,5199,,,12,,,true,,,false
extension_maison,24,registration,10398,,,24,,,true,,,false
extension_maison,36,registration,15597,,,36,,,true,,,false
extension_makeup,12,registration,1499,,,12,,,true,,,false
extension_makeup,24,registration,2998,,,24,,,true,,,false
extension_makeup,36,registration,4497,,,36,,,true,,,false
extension_management,12,registration,2999,,,12,,,true,,,false
extension_management,24,registration,5998,,,24,,,true,,,false
extension_management,36,registration,8997,,,36,,,true,,,false
extension_market,12,registration,3999,,,12,,,true,,,false
extension_market,24,registration,7998,,,24,,,true,,,false
extension_market,36,registration,11997,,,36,,,true,,,false
extension_marketing,12,registration,3999,,,12,,,true,,,false
extension_marketing,24,registration,7998,,,24,,,true,,,false
extension_marketing,36,registration,11997,,,36,,,true,,,false
extension_markets,12,registration,1899,,,12,,,true,,,false
extension_markets,24,registration,3797,,,24,,,true,,,false
extension_markets,36,registration,5697,,,36,,,true,,,false
extension_mba,12,registration,3099,,,12,,,true,,,false
extension_mba,24,registration,6198,,,24,,,true,,,false
extension_mba,36,registration,9297,,,36,,,true,,,false
extension_mc,12,registration,11799,,,12,,,true,,,false
extension_mc,24,registration,23598,,,24,,,true,,,false
extension_mc,36,registration,35397,,,36,,,true,,,false
extension_md,12,registration,20499,,,12,,,true,,,false
extension_md,24,registration,40998,,,24,,,true,,,false
extension_md,36,registration,61497,,,36,,,true,,,false
extension_me,12,registration,4899,,,12,,,true,,,false
extension_me,24,registration,7838,,,24,,,true,,,false
extension_me,36,registration,10288,,,36,,,true,,,false
extension_media,12,registration,3999,,,12,,,true,,,false
extension_media,24,registration,7998,,,24,,,true,,,false
extension_media,36,registration,11997,,,36,,,true,,,false
extension_media.hu,24,registration,12399,,,24,,,true,,,true
extension_memorial,12,registration,5199,,,12,,,true,,,false
extension_memorial,24,registration,10398,,,24,,,true,,,false
extension_memorial,36,registration,15597,,,36,,,true,,,false
extension_men,12,registration,3099,,,12,,,true,,,false
extension_men,24,registration,6198,,,24,,,true,,,false
extension_men,36,registration,9297,,,36,,,true,,,false
extension_menu,12,registration,3000,,,12,,,true,,,true
extension_me.uk,12,registration,1299,,,12,,,true,,,true
extension_mg,12,registration,18499,,,12,,,true,,,false
extension_mg,24,registration,36998,,,24,,,true,,,false
extension_mg,36,registration,55497,,,36,,,true,,,false
extension_miami,12,registration,2499,,,12,,,true,,,false
extension_miami,24,registration,4998,,,24,,,true,,,false
extension_miami,36,registration,7497,,,36,,,true,,,false
extension_mk,12,registration,5999,,,12,,,true,,,false
extension_mk,24,registration,11998,,,24,,,true,,,false
extension_mk,36,registration,17997,,,36,,,true,,,false
extension_ml,12,registration,27273,,,12,,,true,,,true
extension_mn,12,registration,5199,,,12,,,true,,,false
extension_mn,24,registration,10398,,,24,,,true,,,false
extension_mn,36,registration,15597,,,36,,,true,,,false
extension_mobi,12,registration,4899,,,12,,,true,,,false
extension_mobi,24,registration,8398,,,24,,,true,,,false
extension_mobi,36,registration,12597,,,36,,,true,,,false
extension_mo.bi,12,registration,10299,,,12,,,true,,,true
extension_moda,12,registration,3099,,,12,,,true,,,false
extension_moda,24,registration,6198,,,24,,,true,,,false
extension_moda,36,registration,9297,,,36,,,true,,,false
extension_moe,12,registration,2499,,,12,,,true,,,false
extension_moe,24,registration,4998,,,24,,,true,,,false
extension_moe,36,registration,7497,,,36,,,true,,,false
extension_mom,12,registration,4499,,,12,,,true,,,false
extension_mom,24,registration,8998,,,24,,,true,,,false
extension_mom,36,registration,13497,,,36,,,true,,,false
extension_money,12,registration,3999,,,12,,,true,,,false
extension_money,24,registration,7998,,,24,,,true,,,false
extension_money,36,registration,11997,,,36,,,true,,,false
extension_monster,12,registration,7699,,,12,,,true,,,false
extension_monster,24,registration,15397,,,24,,,true,,,false
extension_monster,36,registration,23097,,,36,,,true,,,false
extension_mortgage,12,registration,5199,,,12,,,true,,,false
extension_mortgage,24,registration,10398,,,24,,,true,,,false
extension_mortgage,36,registration,15597,,,36,,,true,,,false
extension_motorcycles,12,registration,4099,,,12,,,true,,,false
extension_motorcycles,24,registration,8198,,,24,,,true,,,false
extension_motorcycles,36,registration,12297,,,36,,,true,,,false
extension_movie,12,registration,30799,,,12,,,true,,,false
extension_movie,24,registration,61598,,,24,,,true,,,false
extension_movie,36,registration,92397,,,36,,,true,,,false
extension_mr,12,registration,7169,,,12,,,true,,,true
extension_ms,12,registration,5199,,,12,,,true,,,false
extension_ms,24,registration,10398,,,24,,,true,,,false
extension_ms,36,registration,15597,,,36,,,true,,,false
extension_mt,12,registration,15399,,,12,,,true,,,false
extension_mt,24,registration,30798,,,24,,,true,,,false
extension_mt,36,registration,46197,,,36,,,true,,,false
extension_mu,12,registration,9999,,,12,,,true,,,false
extension_mu,24,registration,19998,,,24,,,true,,,false
extension_mu,36,registration,29997,,,36,,,true,,,false
extension_museum,12,registration,5199,,,12,,,true,,,false
extension_museum,24,registration,10398,,,24,,,true,,,false
extension_museum,36,registration,15597,,,36,,,true,,,false
extension_mv,12,registration,30799,,,12,,,true,,,false
extension_mv,24,registration,61598,,,24,,,true,,,false
extension_mv,36,registration,92397,,,36,,,true,,,false
extension_mw,24,registration,36999,,,24,,,true,,,true
extension_mx,12,registration,7999,,,12,,,true,,,false
extension_mx,24,registration,15997,,,24,,,true,,,false
extension_mx,36,registration,23997,,,36,,,true,,,false
extension_my,12,registration,11799,,,12,,,true,,,false
extension_my,24,registration,23598,,,24,,,true,,,false
extension_my,36,registration,35397,,,36,,,true,,,false
extension_my.id,12,registration,18000,,,12,,,true,,,true
extension_nagoya,12,registration,1699,,,12,,,true,,,false
extension_nagoya,24,registration,3397,,,24,,,true,,,false
extension_nagoya,36,registration,5097,,,36,,,true,,,false
extension_name,12,registration,2999,,,12,,,true,,,false
extension_name,24,registration,5998,,,24,,,true,,,false
extension_name,36,registration,8997,,,36,,,true,,,false
extension_name.my,12,registration,7699,,,12,,,true,,,true
extension_name.tr,12,registration,1699,,,12,,,true,,,true
extension_name.vn,12,registration,15399,,,12,,,true,,,true
extension_navy,12,registration,3099,,,12,,,true,,,false
extension_navy,24,registration,6198,,,24,,,true,,,false
extension_navy,36,registration,9297,,,36,,,true,,,false
extension_net,12,registration,4299,,,12,,,true,,,false
extension_net,24,registration,6878,,,24,,,true,,,false
extension_net,36,registration,9028,,,36,,,true,,,false
extension_net.af,12,registration,5125,,,12,,,true,,,true
extension_net.ag,12,registration,7699,,,12,,,true,,,true
extension_net.ai,24,registration,46198,,,24,,,true,,,true
extension_net.au,12,registration,4099,,,12,,,true,,,true
extension_net.au,24,registration,8000,,,24,,,true,,,false
extension_net.bd,24,registration,12399,,,24,,,true,,,true
extension_net.bo,12,registration,15399,,,12,,,true,,,true
extension_net.br,12,registration,4099,,,12,,,true,,,true
extension_net.bz,12,registration,5199,,,12,,,true,,,true
extension_net.cm,12,registration,3099,,,12,,,true,,,true
extension_net.cn,12,registration,12004,,,12,,,true,,,true
extension_net.co,12,registration,1499,,,12,,,true,,,true
extension_net.ec,12,registration,7699,,,12,,,true,,,true
extension_net.fj,12,registration,23099,,,12,,,true,,,true
extension_net_free_am,12,prolongation,0,,,12,,,false,,,false
extension_net.gg,12,registration,10299,,,12,,,true,,,true
extension_net.gy,12,registration,6150,,,12,,,true,,,true
extension_net.hk,12,registration,3884,,,12,,,true,,,true
extension_net.hn,12,registration,11790,,,12,,,true,,,true
extension_net.in,12,registration,1299,,,12,,,true,,,true
extension_net.je,12,registration,10299,,,12,,,true,,,true
extension_net.lc,12,registration,2099,,,12,,,true,,,true
extension_net.lv,12,registration,3099,,,12,,,true,,,true
extension_net.ma,12,registration,7699,,,12,,,true,,,true
extension_net.mu,12,registration,10250,,,12,,,true,,,true
extension_net.mx,12,registration,3099,,,12,,,true,,,true
extension_net.my,12,registration,7699,,,12,,,true,,,true
extension_net.ng,12,registration,15399,,,12,,,true,,,true
extension_net.ni,12,registration,10299,,,12,,,true,,,true
extension_net.nz,12,registration,3099,,,12,,,true,,,true
extension_net.pe,12,registration,6199,,,12,,,true,,,true
extension_net.ph,12,registration,5199,,,12,,,true,,,true
extension_net.pk,24,registration,20599,,,24,,,true,,,true
extension_net.ps,12,registration,7699,,,12,,,true,,,true
extension_net.sb,12,registration,7690,,,12,,,true,,,true
extension_net.sl,12,registration,10299,,,12,,,true,,,true
extension_net.tl,12,registration,5125,,,12,,,true,,,true
extension_net.tr,12,registration,1699,,,12,,,true,,,true
extension_net.tt,36,registration,55499,,,36,,,true,,,false
extension_net.uk,12,registration,1299,,,12,,,true,,,true
extension_net.vc,12,registration,4099,,,12,,,true,,,true
extension_net.ve,12,registration,10299,,,12,,,true,,,true
extension_net.vn,12,registration,15399,,,12,,,true,,,true
extension_network,12,registration,2999,,,12,,,true,,,false
extension_network,24,registration,5998,,,24,,,true,,,false
extension_network,36,registration,8997,,,36,,,true,,,false
extension_net.za,12,registration,1299,,,12,,,true,,,true
extension_news,12,registration,3499,,,12,,,true,,,false
extension_news,24,registration,6998,,,24,,,true,,,false
extension_news,36,registration,10497,,,36,,,true,,,false
extension_news.hu,24,registration,12399,,,24,,,true,,,true
extension_nf,12,registration,23099,,,12,,,true,,,false
extension_nf,24,registration,46198,,,24,,,true,,,false
extension_nf,36,registration,69297,,,36,,,true,,,false
extension_ng,12,registration,15399,,,12,,,true,,,false
extension_ng,24,registration,30798,,,24,,,true,,,false
extension_ng,36,registration,46197,,,36,,,true,,,false
extension_ngo,12,registration,4099,,,12,,,true,,,false
extension_ngo,24,registration,8198,,,24,,,true,,,false
extension_ngo,36,registration,12297,,,36,,,true,,,false
extension_ni,12,registration,97399,,,12,,,true,,,false
extension_ni,24,registration,194798,,,24,,,true,,,false
extension_ni,36,registration,292197,,,36,,,true,,,false
extension_ninja,12,registration,2999,,,12,,,true,,,false
extension_ninja,24,registration,5998,,,24,,,true,,,false
extension_ninja,36,registration,8997,,,36,,,true,,,false
extension_nl,12,prolongation,650,,140,12,,,true,,,false
extension_nl,12,prolongation,2079,,,24,,,true,,,false
extension_nl,12,prolongation,1819,,,36,,,true,,,false
extension_nl,12,registration,2599,399,,12,3214,10,true,,,false
extension_nl,12,registration,650,,140,12,,,true,,,false
extension_nl,24,registration,4158,2079,,24,,,true,12,10,false
extension_nl,12,registration,2499,,,36,,,false,,,false
extension_nl,36,registration,5458,4159,,36,,,true,12,10,false
extension_nl_free_am,12,prolongation,0,,,12,,,false,,,false
extension_no,12,registration,8999,,,12,,,true,,,false
extension_no,24,registration,17998,,,24,,,true,,,false
extension_no,36,registration,26997,,,36,,,true,,,false
extension_nom.ag,12,registration,7699,,,12,,,true,,,true
extension_nom.es,12,registration,1299,,,12,,,true,,,true
extension_nom.pe,12,registration,6199,,,12,,,true,,,true
extension_nom.ro,12,registration,1699,,,12,,,true,,,true
extension_nr,12,registration,133299,,,12,,,true,,,false
extension_nr,24,registration,266598,,,24,,,true,,,false
extension_nr,36,registration,399897,,,36,,,true,,,false
extension_nt.ro,12,registration,1699,,,12,,,true,,,true
extension_nu,12,registration,5699,,,12,,,true,,,false
extension_nu,24,registration,9118,,,24,,,true,,,false
extension_nu,36,registration,11968,,,36,,,true,,,false
extension_nu_free_am,12,prolongation,0,,,12,,,false,,,false
extension_nyc,12,registration,3099,,,12,,,true,,,false
extension_nyc,24,registration,6198,,,24,,,true,,,false
extension_nyc,36,registration,9297,,,36,,,true,,,false
extension_nz,12,registration,4999,,,12,,,true,,,false
extension_nz,24,registration,9998,,,24,,,true,,,false
extension_nz,36,registration,14997,,,36,,,true,,,false
extension_observer,12,registration,1499,,,12,,,true,,,false
extension_observer,24,registration,2998,,,24,,,true,,,false
extension_observer,36,registration,4497,,,36,,,true,,,false
extension_off.ai,24,registration,46198,,,24,,,true,,,true
extension_okinawa,12,registration,1699,,,12,,,true,,,false
extension_okinawa,24,registration,3397,,,24,,,true,,,false
extension_okinawa,36,registration,5097,,,36,,,true,,,false
extension_one,12,prolongation,1499,,,12,,,true,,,false
extension_one,24,prolongation,2998,,,24,,,true,,,false
extension_one,36,prolongation,4497,,,36,,,true,,,false
extension_one,12,registration,2999,,,12,,,true,,,false
extension_one,24,registration,5998,,,24,,,true,,,false
extension_one,36,registration,8997,,,36,,,true,,,false
extension_online,12,registration,6399,,,12,,,true,,,false
extension_online,24,registration,10238,,,24,,,true,,,false
extension_online,36,registration,13438,,,36,,,true,,,false
extension_ooo,12,registration,3499,,,12,,,true,,,false
extension_ooo,24,registration,6998,,,24,,,true,,,false
extension_ooo,36,registration,10497,,,36,,,true,,,false
extension_or.at,12,registration,1499,,,12,,,true,,,true
extension_or.bi,12,registration,10299,,,12,,,true,,,true
extension_or.cr,12,registration,5199,,,12,,,true,,,true
extension_org,12,prolongation,0,,74,12,,,true,,,false
extension_org,12,registration,4299,,,12,,,true,,,false
extension_org,24,registration,6878,,,24,,,true,,,false
extension_org,36,registration,9028,,,36,,,true,,,false
extension_org.af,12,registration,5125,,,12,,,true,,,true
extension_org.ag,12,registration,7699,,,12,,,true,,,true
extension_org.ai,24,registration,46198,,,24,,,true,,,true
extension_organic,12,registration,7699,,,12,,,true,,,false
extension_organic,24,registration,15397,,,24,,,true,,,false
extension_organic,36,registration,23097,,,36,,,true,,,false
extension_org.au,12,registration,4099,,,12,,,true,,,true
extension_org.au,24,registration,8000,,,24,,,true,,,false
extension_org.bd,24,registration,12399,,,24,,,true,,,true
extension_org.bi,12,registration,10299,,,12,,,true,,,true
extension_org.bo,12,registration,15399,,,12,,,true,,,true
extension_org.br,12,registration,4099,,,12,,,true,,,true
extension_org.cn,12,registration,12004,,,12,,,true,,,true
extension_org.es,12,registration,1299,,,12,,,true,,,true
extension_org.fj,12,registration,23099,,,12,,,true,,,true
extension_org_free_am,12,prolongation,0,,,12,,,false,,,false
extension_org.gg,12,registration,10299,,,12,,,true,,,true
extension_org.gi,24,registration,51399,,,24,,,true,,,true
extension_org.hk,12,registration,3884,,,12,,,true,,,true
extension_org.hn,12,registration,11790,,,12,,,true,,,true
extension_org.hu,24,registration,12399,,,24,,,true,,,true
extension_org.il,12,registration,4099,,,12,,,true,,,true
extension_org.im,12,registration,12417,,,12,,,true,,,true
extension_org.in,12,registration,1299,,,12,,,true,,,true
extension_org.je,12,registration,10299,,,12,,,true,,,true
extension_org.lc,12,registration,2099,,,12,,,true,,,true
extension_org.lk,12,registration,23099,,,12,,,true,,,true
extension_org.lv,12,registration,3099,,,12,,,true,,,true
extension_org.ma,12,registration,7699,,,12,,,true,,,true
extension_org.mm,12,registration,23099,,,12,,,true,,,true
extension_org.mu,12,registration,10250,,,12,,,true,,,true
extension_org.mx,12,registration,3099,,,12,,,true,,,true
extension_org.my,12,registration,7699,,,12,,,true,,,true
extension_org.mz,12,registration,100000,,,12,,,true,,,true
extension_org.ng,12,registration,15399,,,12,,,true,,,true
extension_org.nz,12,registration,3099,,,12,,,true,,,true
extension_org.pe,12,registration,6199,,,12,,,true,,,true
extension_org.ph,12,registration,5199,,,12,,,true,,,true
extension_org.pk,24,registration,20599,,,24,,,true,,,true
extension_org.ps,12,registration,7699,,,12,,,true,,,true
extension_org.pt,12,registration,3075,,,12,,,true,,,true
extension_org.ro,12,registration,1699,,,12,,,true,,,true
extension_org.sb,12,registration,7690,,,12,,,true,,,true
extension_org.sl,12,registration,10299,,,12,,,true,,,true
extension_org.tl,12,registration,5125,,,12,,,true,,,true
extension_org.tr,12,registration,1699,,,12,,,true,,,true
extension_org.tt,36,registration,55499,,,36,,,true,,,false
extension_org.tw,12,registration,3099,,,12,,,true,,,true
extension_org.uk,12,registration,1299,,,12,,,true,,,true
extension_org.vc,12,registration,4099,,,12,,,true,,,true
extension_org.ve,12,registration,10299,,,12,,,true,,,true
extension_org.vn,12,registration,15399,,,12,,,true,,,true
extension_org.za,12,registration,1299,,,12,,,true,,,true
extension_or.kr,12,registration,5199,,,12,,,true,,,true
extension_or.mu,12,registration,10250,,,12,,,true,,,true
extension_osaka,12,registration,4099,,,12,,,true,,,false
extension_osaka,24,registration,8198,,,24,,,true,,,false
extension_osaka,36,registration,12297,,,36,,,true,,,false
extension_pa,24,registration,102599,,,24,,,true,,,true
extension_page,12,registration,1499,,,12,,,true,,,false
extension_page,24,registration,2998,,,24,,,true,,,false
extension_page,36,registration,4497,,,36,,,true,,,false
extension_paris,12,registration,5199,,,12,,,true,,,false
extension_paris,24,registration,10398,,,24,,,true,,,false
extension_paris,36,registration,15597,,,36,,,true,,,false
extension_partners,12,registration,5499,,,12,,,true,,,false
extension_partners,24,registration,10998,,,24,,,true,,,false
extension_partners,36,registration,16497,,,36,,,true,,,false
extension_parts,12,registration,3799,,,12,,,true,,,false
extension_parts,24,registration,7598,,,24,,,true,,,false
extension_parts,36,registration,11397,,,36,,,true,,,false
extension_party,12,registration,3999,,,12,,,true,,,false
extension_party,24,registration,7998,,,24,,,true,,,false
extension_party,36,registration,11997,,,36,,,true,,,false
extension_pe,12,registration,6199,,,12,,,true,,,false
extension_pe,24,registration,12398,,,24,,,true,,,false
extension_pe,36,registration,18597,,,36,,,true,,,false
extension_pet,12,registration,2499,,,12,,,true,,,false
extension_pet,24,registration,4998,,,24,,,true,,,false
extension_pet,36,registration,7497,,,36,,,true,,,false
extension_ph,12,registration,7199,,,12,,,true,,,false
extension_ph,24,registration,12997,,,24,,,true,,,false
extension_ph,36,registration,19497,,,36,,,true,,,false
extension_photo,12,registration,3999,,,12,,,true,,,false
extension_photo,24,registration,7998,,,24,,,true,,,false
extension_photo,36,registration,11997,,,36,,,true,,,false
extension_photography,12,registration,2999,,,12,,,true,,,false
extension_photography,24,registration,5998,,,24,,,true,,,false
extension_photography,36,registration,8997,,,36,,,true,,,false
extension_photos,12,registration,2999,,,12,,,true,,,false
extension_photos,24,registration,5998,,,24,,,true,,,false
extension_photos,36,registration,8997,,,36,,,true,,,false
extension_pics,12,registration,3999,,,12,,,true,,,false
extension_pics,24,registration,7998,,,24,,,true,,,false
extension_pics,36,registration,11997,,,36,,,true,,,false
extension_pictures,12,registration,1999,,,12,,,true,,,false
extension_pictures,24,registration,3997,,,24,,,true,,,false
extension_pictures,36,registration,5997,,,36,,,true,,,false
extension_pink,12,registration,2499,,,12,,,true,,,false
extension_pink,24,registration,4998,,,24,,,true,,,false
extension_pink,36,registration,7497,,,36,,,true,,,false
extension_pizza,12,registration,5199,,,12,,,true,,,false
extension_pizza,24,registration,10398,,,24,,,true,,,false
extension_pizza,36,registration,15597,,,36,,,true,,,false
extension_pk,12,registration,6499,,,12,,,true,,,false
extension_pk,24,registration,15399,,,24,,,true,,,false
extension_pk,36,registration,17397,,,36,,,true,,,false
extension_pl,12,registration,5899,,,12,,,true,,,false
extension_pl,24,registration,10398,,,24,,,true,,,false
extension_pl,36,registration,15597,,,36,,,true,,,false
extension_place,12,registration,3499,,,12,,,true,,,false
extension_place,24,registration,6998,,,24,,,true,,,false
extension_place,36,registration,10497,,,36,,,true,,,false
extension_p.lc,12,registration,2099,,,12,,,true,,,true
extension_plc.uk,12,registration,1299,,,12,,,true,,,true
extension_plumbing,12,registration,5199,,,12,,,true,,,false
extension_plumbing,24,registration,10398,,,24,,,true,,,false
extension_plumbing,36,registration,15597,,,36,,,true,,,false
extension_plus,12,registration,3999,,,12,,,true,,,false
extension_plus,24,registration,7998,,,24,,,true,,,false
extension_plus,36,registration,11997,,,36,,,true,,,false
extension_pm,12,registration,1999,,,12,,,true,,,false
extension_pm,24,registration,3997,,,24,,,true,,,false
extension_pm,36,registration,5997,,,36,,,true,,,false
extension_poker,12,registration,6199,,,12,,,true,,,false
extension_poker,24,registration,12398,,,24,,,true,,,false
extension_poker,36,registration,18597,,,36,,,true,,,false
extension_porn,12,registration,10299,,,12,,,true,,,false
extension_porn,24,registration,20598,,,24,,,true,,,false
extension_porn,36,registration,30897,,,36,,,true,,,false
extension_premium_adoptie_online,12,registration,41250,,,12,,,true,,,true
extension_premium_airconditioning_store,12,registration,75000,,,12,,,true,,,true
extension_premium_beautyproducts_shop,12,registration,90625,,,12,,,true,,,true
extension_premium_berghaus_club,12,registration,5000,,,12,,,true,,,true
extension_premium_bottle_market,12,registration,16875,,,12,,,true,,,false
extension_premium_designers_academy,12,registration,16875,,,12,,,true,,,true
extension_premium_dynamo_online,12,registration,75000,,,12,,,true,,,true
extension_premium_havana_online,12,registration,75000,,,12,,,true,,,true
extension_premium_hydrogen_boats,12,registration,3148,,,12,,,true,,,true
extension_premium_kitchentools_shop,12,registration,16875,,,12,,,true,,,true
extension_premium_marathon_work,12,registration,8125,,,12,,,true,,,true
extension_premium_octagon_tech,12,registration,68125,,,12,,,true,,,false
extension_premium_papier_club,12,registration,5000,,,12,,,true,,,true
extension_premium_passa_app,12,registration,9000,,,12,,,true,,,false
extension_premium_smd_studio,12,registration,11875,,,12,,,true,,,true
extension_premium_snoep_store,12,registration,75000,,,12,,,true,,,true
extension_premium_sphere_online,12,registration,75000,,,12,,,true,,,true
extension_premium_stek_law,12,registration,32500,,,12,,,true,,,true
extension_premium_supernatural_science,12,registration,75000,,,12,,,true,,,true
extension_premium_synapse_art,12,registration,70000,,,12,,,true,,,true
extension_premium_systema_dev,12,registration,15625,,,12,,,true,,,true
extension_premium_tp_solar,12,registration,16875,,,12,,,true,,,false
extension_premium_wahu_co,12,registration,31250,,,12,,,true,,,true
extension_premium_wuha_co,12,registration,31250,,,12,,,true,,,true
extension_premium_yor_online,12,registration,41250,,,12,,,true,,,true
extension_premium_zeeland_art,12,registration,35000,,,12,,,true,,,true
extension_press,12,registration,7699,,,12,,,true,,,false
extension_press,24,registration,15397,,,24,,,true,,,false
extension_press,36,registration,23097,,,36,,,true,,,false
extension_press.ma,12,registration,7699,,,12,,,true,,,true
extension_privacy_protection,12,registration,0,,,12,,,true,,,false
extension_privacy_protection,24,registration,0,,,24,,,true,,,false
extension_privacy_protection,36,registration,0,,,36,,,true,,,false
extension_priv.hu,24,registration,12399,,,24,,,true,,,true
extension_priv.no,12,registration,32500,,,12,,,true,,,true
extension_pro,12,registration,4899,,,12,,,true,,,false
extension_pro,24,registration,8398,,,24,,,true,,,false
extension_pro,36,registration,12597,,,36,,,true,,,false
extension_productions,12,registration,3999,,,12,,,true,,,false
extension_productions,24,registration,7998,,,24,,,true,,,false
extension_productions,36,registration,11997,,,36,,,true,,,false
extension_promo,12,registration,2499,,,12,,,true,,,false
extension_promo,24,registration,4998,,,24,,,true,,,false
extension_promo,36,registration,7497,,,36,,,true,,,false
extension_properties,12,registration,3999,,,12,,,true,,,false
extension_properties,24,registration,7998,,,24,,,true,,,false
extension_properties,36,registration,11997,,,36,,,true,,,false
extension_property,12,registration,15399,,,12,,,true,,,false
extension_property,24,registration,30798,,,24,,,true,,,false
extension_property,36,registration,46197,,,36,,,true,,,false
extension_protection,12,registration,266499,,,12,,,true,,,false
extension_protection,24,registration,532998,,,24,,,true,,,false
extension_protection,36,registration,799497,,,36,,,true,,,false
extension_pro.vn,12,registration,15399,,,12,,,true,,,true
extension_ps,12,registration,7699,,,12,,,true,,,false
extension_ps,24,registration,15397,,,24,,,true,,,false
extension_ps,36,registration,23097,,,36,,,true,,,false
extension_pt,12,registration,6399,,,12,,,true,,,false
extension_pt,24,registration,11398,,,24,,,true,,,false
extension_pt,36,registration,17097,,,36,,,true,,,false
extension_pub,12,registration,3099,,,12,,,true,,,false
extension_pub,24,registration,6198,,,24,,,true,,,false
extension_pub,36,registration,9297,,,36,,,true,,,false
extension_pw,12,registration,3099,,,12,,,true,,,false
extension_pw,24,registration,6198,,,24,,,true,,,false
extension_pw,36,registration,9297,,,36,,,true,,,false
extension_qa,12,registration,4099,,,12,,,true,,,false
extension_qa,24,registration,8198,,,24,,,true,,,false
extension_qa,36,registration,12297,,,36,,,true,,,false
extension_qpon,12,registration,3099,,,12,,,true,,,false
extension_qpon,24,registration,4958,,,24,,,true,,,false
extension_qpon,36,registration,7197,,,36,,,true,,,false
extension_quest,12,registration,1499,,,12,,,true,,,false
extension_quest,24,registration,2998,,,24,,,true,,,false
extension_quest,36,registration,4497,,,36,,,true,,,false
extension_racing,12,registration,3999,,,12,,,true,,,false
extension_racing,24,registration,7998,,,24,,,true,,,false
extension_racing,36,registration,11997,,,36,,,true,,,false
extension_radio,12,registration,30799,,,12,,,true,,,false
extension_radio,24,registration,61598,,,24,,,true,,,false
extension_radio,36,registration,92397,,,36,,,true,,,false
extension_re,12,registration,6499,,,12,,,true,,,false
extension_re,24,registration,12997,,,24,,,true,,,false
extension_re,36,registration,19497,,,36,,,true,,,false
extension_realestate,12,registration,10299,,,12,,,true,,,false
extension_realestate,24,registration,20598,,,24,,,true,,,false
extension_realestate,36,registration,30897,,,36,,,true,,,false
extension_realty,12,registration,38499,,,12,,,true,,,false
extension_realty,24,registration,76998,,,24,,,true,,,false
extension_realty,36,registration,115497,,,36,,,true,,,false
extension_recipes,12,registration,7499,,,12,,,true,,,false
extension_recipes,24,registration,14997,,,24,,,true,,,false
extension_recipes,36,registration,22497,,,36,,,true,,,false
extension_rec.ro,12,registration,1699,,,12,,,true,,,true
extension_red,12,registration,2999,,,12,,,true,,,false
extension_red,24,registration,5998,,,24,,,true,,,false
extension_red,36,registration,8997,,,36,,,true,,,false
extension_rehab,12,registration,3499,,,12,,,true,,,false
extension_rehab,24,registration,6998,,,24,,,true,,,false
extension_rehab,36,registration,10497,,,36,,,true,,,false
extension_reise,12,registration,10299,,,12,,,true,,,false
extension_reise,24,registration,20598,,,24,,,true,,,false
extension_reise,36,registration,30897,,,36,,,true,,,false
extension_reisen,12,registration,2099,,,12,,,true,,,false
extension_reisen,24,registration,4198,,,24,,,true,,,false
extension_reisen,36,registration,6297,,,36,,,true,,,false
extension_reit,12,registration,133299,,,12,,,true,,,false
extension_reit,24,registration,266598,,,24,,,true,,,false
extension_reit,36,registration,399897,,,36,,,true,,,false
extension_reklam.hu,24,registration,12399,,,24,,,true,,,true
extension_rent,12,registration,6999,,,12,,,true,,,false
extension_rent,24,registration,13997,,,24,,,true,,,false
extension_rent,36,registration,20997,,,36,,,true,,,false
extension_rentals,12,registration,3999,,,12,,,true,,,false
extension_rentals,24,registration,7998,,,24,,,true,,,false
extension_rentals,36,registration,11997,,,36,,,true,,,false
extension_repair,12,registration,3999,,,12,,,true,,,false
extension_repair,24,registration,7998,,,24,,,true,,,false
extension_repair,36,registration,11997,,,36,,,true,,,false
extension_report,12,registration,2499,,,12,,,true,,,false
extension_report,24,registration,4998,,,24,,,true,,,false
extension_report,36,registration,7497,,,36,,,true,,,false
extension_republican,12,registration,3099,,,12,,,true,,,false
extension_republican,24,registration,6198,,,24,,,true,,,false
extension_republican,36,registration,9297,,,36,,,true,,,false
extension_rest,12,registration,4099,,,12,,,true,,,false
extension_rest,24,registration,8198,,,24,,,true,,,false
extension_rest,36,registration,12297,,,36,,,true,,,false
extension_restaurant,12,registration,6499,,,12,,,true,,,false
extension_restaurant,24,registration,12997,,,24,,,true,,,false
extension_restaurant,36,registration,19497,,,36,,,true,,,false
extension_review,12,registration,3099,,,12,,,true,,,false
extension_review,24,registration,6198,,,24,,,true,,,false
extension_review,36,registration,9297,,,36,,,true,,,false
extension_reviews,12,registration,5199,,,12,,,true,,,false
extension_reviews,24,registration,8998,,,24,,,true,,,false
extension_reviews,36,registration,13497,,,36,,,true,,,false
extension_rip,12,registration,2499,,,12,,,true,,,false
extension_rip,24,registration,4998,,,24,,,true,,,false
extension_rip,36,registration,7497,,,36,,,true,,,false
extension_ro,12,registration,7499,,,12,,,true,,,false
extension_ro,24,registration,14997,,,24,,,true,,,false
extension_ro,36,registration,22497,,,36,,,true,,,false
extension_rocks,12,registration,2999,,,12,,,true,,,false
extension_rocks,24,registration,5998,,,24,,,true,,,false
extension_rocks,36,registration,8997,,,36,,,true,,,false
extension_rodeo,12,registration,1299,,,12,,,true,,,false
extension_rodeo,24,registration,2598,,,24,,,true,,,false
extension_rodeo,36,registration,3897,,,36,,,true,,,false
extension_rs,12,registration,11999,,,12,,,true,,,false
extension_rs,24,registration,23998,,,24,,,true,,,false
extension_rs,36,registration,35997,,,36,,,true,,,false
extension_ru,12,registration,2999,,,12,,,true,,,false
extension_ru,24,registration,5998,,,24,,,true,,,false
extension_ru,36,registration,8997,,,36,,,true,,,false
extension_run,12,registration,2999,,,12,,,true,,,false
extension_run,24,registration,5998,,,24,,,true,,,false
extension_run,36,registration,8997,,,36,,,true,,,false
extension_rw,12,registration,97399,,,12,,,true,,,false
extension_rw,24,registration,194798,,,24,,,true,,,false
extension_rw,36,registration,292197,,,36,,,true,,,false
extension_ryukyu,12,registration,1699,,,12,,,true,,,false
extension_ryukyu,24,registration,3397,,,24,,,true,,,false
extension_ryukyu,36,registration,5097,,,36,,,true,,,false
extension_sa,12,registration,21000,,,12,,,true,,,false
extension_sa,24,registration,42000,,,24,,,true,,,false
extension_sa,36,registration,63000,,,36,,,true,,,false
extension_saarland,12,registration,3099,,,12,,,true,,,false
extension_saarland,24,registration,6198,,,24,,,true,,,false
extension_saarland,36,registration,9297,,,36,,,true,,,false
extension_sale,12,registration,3999,,,12,,,true,,,false
extension_sale,24,registration,7998,,,24,,,true,,,false
extension_sale,36,registration,11997,,,36,,,true,,,false
extension_salon,12,registration,5199,,,12,,,true,,,false
extension_salon,24,registration,10398,,,24,,,true,,,false
extension_salon,36,registration,15597,,,36,,,true,,,false
extension_sarl,12,registration,3099,,,12,,,true,,,false
extension_sarl,24,registration,6198,,,24,,,true,,,false
extension_sarl,36,registration,9297,,,36,,,true,,,false
extension_sb,12,registration,7699,,,12,,,true,,,false
extension_sb,24,registration,15397,,,24,,,true,,,false
extension_sb,36,registration,23097,,,36,,,true,,,false
extension_sc,12,registration,11799,,,12,,,true,,,false
extension_sc,24,registration,23598,,,24,,,true,,,false
extension_sc,36,registration,35397,,,36,,,true,,,false
extension_school,12,registration,3999,,,12,,,true,,,false
extension_school,24,registration,7998,,,24,,,true,,,false
extension_school,36,registration,11997,,,36,,,true,,,false
extension_schule,12,registration,2499,,,12,,,true,,,false
extension_schule,24,registration,4998,,,24,,,true,,,false
extension_schule,36,registration,7497,,,36,,,true,,,false
extension_science,12,registration,3999,,,12,,,true,,,false
extension_science,24,registration,7998,,,24,,,true,,,false
extension_science,36,registration,11997,,,36,,,true,,,false
extension_scot,12,registration,3936,,,12,,,true,,,true
extension_sd,12,registration,23099,,,12,,,true,,,false
extension_sd,24,registration,46198,,,24,,,true,,,false
extension_sd,36,registration,69297,,,36,,,true,,,false
extension_se,12,registration,6399,,,12,,,true,,,false
extension_se,24,registration,11398,,,24,,,true,,,false
extension_se,36,registration,17097,,,36,,,true,,,false
extension_security,12,registration,266499,,,12,,,true,,,false
extension_security,24,registration,532998,,,24,,,true,,,false
extension_security,36,registration,799497,,,36,,,true,,,false
extension_services,12,registration,3999,,,12,,,true,,,false
extension_services,24,registration,7998,,,24,,,true,,,false
extension_services,36,registration,11997,,,36,,,true,,,false
extension_sex,12,registration,10299,,,12,,,true,,,false
extension_sex,24,registration,20598,,,24,,,true,,,false
extension_sex,36,registration,30897,,,36,,,true,,,false
extension_sex.hu,24,registration,12399,,,24,,,true,,,true
extension_sexy,12,registration,4999,,,12,,,true,,,true
extension_sg,12,registration,6499,,,12,,,true,,,false
extension_sg,24,registration,12997,,,24,,,true,,,false
extension_sg,36,registration,19497,,,36,,,true,,,false
extension_sh,12,registration,6199,,,12,,,true,,,false
extension_sh,24,registration,12398,,,24,,,true,,,false
extension_sh,36,registration,18597,,,36,,,true,,,false
extension_shiksha,12,registration,5599,,,12,,,true,,,false
extension_shiksha,24,registration,11198,,,24,,,true,,,false
extension_shiksha,36,registration,16797,,,36,,,true,,,false
extension_shoes,12,registration,6499,,,12,,,true,,,false
extension_shoes,24,registration,12997,,,24,,,true,,,false
extension_shoes,36,registration,19497,,,36,,,true,,,false
extension_shop,12,registration,6399,,,12,,,true,,,false
extension_shop,24,registration,10238,,,24,,,true,,,false
extension_shop,36,registration,13438,,,36,,,true,,,false
extension_shop.hu,24,registration,12399,,,24,,,true,,,true
extension_shopping,12,registration,3999,,,12,,,true,,,false
extension_shopping,24,registration,7998,,,24,,,true,,,false
extension_shopping,36,registration,11997,,,36,,,true,,,false
extension_show,12,registration,3999,,,12,,,true,,,false
extension_show,24,registration,7998,,,24,,,true,,,false
extension_show,36,registration,11997,,,36,,,true,,,false
extension_si,12,registration,4999,,,12,,,true,,,false
extension_si,24,registration,9998,,,24,,,true,,,false
extension_si,36,registration,14997,,,36,,,true,,,false
extension_singles,12,registration,3099,,,12,,,true,,,false
extension_singles,24,registration,6198,,,24,,,true,,,false
extension_singles,36,registration,9297,,,36,,,true,,,false
extension_site,12,registration,5899,,,12,,,true,,,false
extension_site,24,registration,10398,,,24,,,true,,,false
extension_site,36,registration,15597,,,36,,,true,,,false
extension_sk,12,registration,6999,,,12,,,true,,,false
extension_sk,24,registration,13997,,,24,,,true,,,false
extension_sk,36,registration,20997,,,36,,,true,,,false
extension_ski,12,registration,5199,,,12,,,true,,,false
extension_ski,24,registration,10398,,,24,,,true,,,false
extension_ski,36,registration,15597,,,36,,,true,,,false
extension_skin,12,registration,1499,,,12,,,true,,,false
extension_skin,24,registration,2998,,,24,,,true,,,false
extension_skin,36,registration,4497,,,36,,,true,,,false
extension_sl,12,registration,10299,,,12,,,true,,,false
extension_sl,24,registration,20598,,,24,,,true,,,false
extension_sl,36,registration,30897,,,36,,,true,,,false
extension_sm,12,registration,66699,,,12,,,true,,,false
extension_sm,24,registration,133398,,,24,,,true,,,false
extension_sm,36,registration,200097,,,36,,,true,,,false
extension_sn,12,registration,10299,,,12,,,true,,,false
extension_sn,24,registration,20598,,,24,,,true,,,false
extension_sn,36,registration,30897,,,36,,,true,,,false
extension_so,12,registration,10299,,,12,,,true,,,false
extension_so,24,registration,20598,,,24,,,true,,,false
extension_so,36,registration,30897,,,36,,,true,,,false
extension_soccer,12,registration,2499,,,12,,,true,,,false
extension_soccer,24,registration,4998,,,24,,,true,,,false
extension_soccer,36,registration,7497,,,36,,,true,,,false
extension_social,12,registration,3999,,,12,,,true,,,false
extension_social,24,registration,7998,,,24,,,true,,,false
extension_social,36,registration,11997,,,36,,,true,,,false
extension_software,12,registration,3999,,,12,,,true,,,false
extension_software,24,registration,7998,,,24,,,true,,,false
extension_software,36,registration,11997,,,36,,,true,,,false
extension_solar,12,registration,5199,,,12,,,true,,,false
extension_solar,24,registration,10398,,,24,,,true,,,false
extension_solar,36,registration,15597,,,36,,,true,,,false
extension_solutions,12,registration,2999,,,12,,,true,,,false
extension_solutions,24,registration,5998,,,24,,,true,,,false
extension_solutions,36,registration,8997,,,36,,,true,,,false
extension_soy,12,registration,3099,,,12,,,true,,,false
extension_soy,24,registration,6198,,,24,,,true,,,false
extension_soy,36,registration,9297,,,36,,,true,,,false
extension_space,12,registration,5399,,,12,,,true,,,false
extension_space,24,registration,9398,,,24,,,true,,,false
extension_space,36,registration,14097,,,36,,,true,,,false
extension_sport,12,registration,46199,,,12,,,true,,,false
extension_sport,24,registration,92398,,,24,,,true,,,false
extension_sport,36,registration,138597,,,36,,,true,,,false
extension_sport.hu,24,registration,12399,,,24,,,true,,,true
extension_sr,12,registration,10999,,,12,,,true,,,false
extension_sr,24,registration,21998,,,24,,,true,,,false
extension_sr,36,registration,32997,,,36,,,true,,,false
extension_srl,12,registration,4099,,,12,,,true,,,false
extension_srl,24,registration,8198,,,24,,,true,,,false
extension_srl,36,registration,12297,,,36,,,true,,,false
extension_st,12,registration,5999,,,12,,,true,,,false
extension_st,24,registration,11998,,,24,,,true,,,false
extension_st,36,registration,17997,,,36,,,true,,,false
extension_storage,12,registration,66699,,,12,,,true,,,false
extension_storage,24,registration,133398,,,24,,,true,,,false
extension_storage,36,registration,200097,,,36,,,true,,,false
extension_store,12,registration,9399,,,12,,,true,,,false
extension_store,24,registration,17398,,,24,,,true,,,false
extension_store,36,registration,26097,,,36,,,true,,,false
extension_store.ro,12,registration,1699,,,12,,,true,,,true
extension_stream,12,registration,3099,,,12,,,true,,,false
extension_stream,24,registration,6198,,,24,,,true,,,false
extension_stream,36,registration,9297,,,36,,,true,,,false
extension_studio,12,registration,3999,,,12,,,true,,,false
extension_studio,24,registration,7998,,,24,,,true,,,false
extension_studio,36,registration,11997,,,36,,,true,,,false
extension_study,12,registration,3099,,,12,,,true,,,false
extension_study,24,registration,6198,,,24,,,true,,,false
extension_study,36,registration,9297,,,36,,,true,,,false
extension_style,12,registration,3999,,,12,,,true,,,false
extension_style,24,registration,7998,,,24,,,true,,,false
extension_style,36,registration,11997,,,36,,,true,,,false
extension_su,12,registration,4099,,,12,,,true,,,false
extension_su,24,registration,8198,,,24,,,true,,,false
extension_su,36,registration,12297,,,36,,,true,,,false
extension_suli.hu,24,registration,12399,,,24,,,true,,,true
extension_supplies,12,registration,2099,,,12,,,true,,,false
extension_supplies,24,registration,4198,,,24,,,true,,,false
extension_supplies,36,registration,6297,,,36,,,true,,,false
extension_supply,12,registration,2499,,,12,,,true,,,false
extension_supply,24,registration,4998,,,24,,,true,,,false
extension_supply,36,registration,7497,,,36,,,true,,,false
extension_support,12,registration,2999,,,12,,,true,,,false
extension_support,24,registration,5998,,,24,,,true,,,false
extension_support,36,registration,8997,,,36,,,true,,,false
extension_surf,12,registration,3099,,,12,,,true,,,false
extension_surf,24,registration,6198,,,24,,,true,,,false
extension_surf,36,registration,9297,,,36,,,true,,,false
extension_surgery,12,registration,5199,,,12,,,true,,,false
extension_surgery,24,registration,10398,,,24,,,true,,,false
extension_surgery,36,registration,15597,,,36,,,true,,,false
extension_sv,12,registration,18499,,,12,,,true,,,false
extension_sv,24,registration,36998,,,24,,,true,,,false
extension_sv,36,registration,55497,,,36,,,true,,,false
extension_sx,12,registration,4100,,,12,,,true,,,false
extension_sx,24,registration,8200,,,24,,,true,,,false
extension_sx,36,registration,12300,,,36,,,true,,,false
extension_systems,12,registration,2999,,,12,,,true,,,false
extension_systems,24,registration,5998,,,24,,,true,,,false
extension_systems,36,registration,8997,,,36,,,true,,,false
extension_szex.hu,24,registration,12399,,,24,,,true,,,true
extension_tattoo,12,registration,4099,,,12,,,true,,,false
extension_tattoo,24,registration,8198,,,24,,,true,,,false
extension_tattoo,36,registration,12297,,,36,,,true,,,false
extension_tax,12,registration,5999,,,12,,,true,,,false
extension_tax,24,registration,11998,,,24,,,true,,,false
extension_tax,36,registration,17997,,,36,,,true,,,false
extension_taxi,12,registration,5499,,,12,,,true,,,false
extension_taxi,24,registration,10998,,,24,,,true,,,false
extension_taxi,36,registration,16497,,,36,,,true,,,false
extension_tc,12,registration,11799,,,12,,,true,,,false
extension_tc,24,registration,23598,,,24,,,true,,,false
extension_tc,36,registration,35397,,,36,,,true,,,false
extension_td,12,registration,30799,,,12,,,true,,,false
extension_td,24,registration,61598,,,24,,,true,,,false
extension_td,36,registration,92397,,,36,,,true,,,false
extension_team,12,registration,3999,,,12,,,true,,,false
extension_team,24,registration,7998,,,24,,,true,,,false
extension_team,36,registration,11997,,,36,,,true,,,false
extension_tech,12,registration,8399,,,12,,,true,,,false
extension_tech,24,registration,15397,,,24,,,true,,,false
extension_tech,36,registration,23097,,,36,,,true,,,false
extension_technology,12,registration,2999,,,12,,,true,,,false
extension_technology,24,registration,5998,,,24,,,true,,,false
extension_technology,36,registration,8997,,,36,,,true,,,false
extension_tel,12,registration,2999,,,12,,,true,,,false
extension_tel,24,registration,5998,,,24,,,true,,,false
extension_tel,36,registration,8997,,,36,,,true,,,false
extension_tel.tr,12,registration,1699,,,12,,,true,,,true
extension_tennis,12,registration,5199,,,12,,,true,,,false
extension_tennis,24,registration,10398,,,24,,,true,,,false
extension_tennis,36,registration,15597,,,36,,,true,,,false
extension_tf,12,registration,1299,,,12,,,true,,,false
extension_tf,24,registration,2598,,,24,,,true,,,false
extension_tf,36,registration,3897,,,36,,,true,,,false
extension_tg,12,registration,16901,,,12,,,true,,,true
extension_theater,12,registration,6499,,,12,,,true,,,false
extension_theater,24,registration,12997,,,24,,,true,,,false
extension_theater,36,registration,19497,,,36,,,true,,,false
extension_theatre,12,registration,66699,,,12,,,true,,,false
extension_theatre,24,registration,133398,,,24,,,true,,,false
extension_theatre,36,registration,200097,,,36,,,true,,,false
extension_tickets,12,registration,46199,,,12,,,true,,,false
extension_tickets,24,registration,92398,,,24,,,true,,,false
extension_tickets,36,registration,138597,,,36,,,true,,,false
extension_tienda,12,registration,5199,,,12,,,true,,,false
extension_tienda,24,registration,10398,,,24,,,true,,,false
extension_tienda,36,registration,15597,,,36,,,true,,,false
extension_tips,12,registration,2999,,,12,,,true,,,false
extension_tips,24,registration,5998,,,24,,,true,,,false
extension_tips,36,registration,8997,,,36,,,true,,,false
extension_tires,12,registration,10299,,,12,,,true,,,false
extension_tires,24,registration,20598,,,24,,,true,,,false
extension_tires,36,registration,30897,,,36,,,true,,,false
extension_tirol,12,registration,4099,,,12,,,true,,,false
extension_tirol,24,registration,8198,,,24,,,true,,,false
extension_tirol,36,registration,12297,,,36,,,true,,,false
extension_tj,12,registration,15399,,,12,,,true,,,false
extension_tj,24,registration,30798,,,24,,,true,,,false
extension_tj,36,registration,46197,,,36,,,true,,,false
extension_tk,12,registration,1899,,,12,,,true,,,false
extension_tk,24,registration,3797,,,24,,,true,,,false
extension_tk,36,registration,5697,,,36,,,true,,,false
extension_tl,12,registration,11799,,,12,,,true,,,false
extension_tl,24,registration,23598,,,24,,,true,,,false
extension_tl,36,registration,35397,,,36,,,true,,,false
extension_tm.hu,24,registration,12399,,,24,,,true,,,true
extension_tm.ro,12,registration,1699,,,12,,,true,,,true
extension_tn,12,registration,11799,,,12,,,true,,,false
extension_tn,24,registration,23598,,,24,,,true,,,false
extension_tn,36,registration,35397,,,36,,,true,,,false
extension_to,12,registration,12199,,,12,,,true,,,false
extension_to,24,registration,30799,,,24,,,true,,,false
extension_to,36,registration,34497,,,36,,,true,,,false
extension_today,12,registration,2999,,,12,,,true,,,false
extension_today,24,registration,5998,,,24,,,true,,,false
extension_today,36,registration,8997,,,36,,,true,,,false
extension_tokyo,12,registration,1699,,,12,,,true,,,false
extension_tokyo,24,registration,3397,,,24,,,true,,,false
extension_tokyo,36,registration,5097,,,36,,,true,,,false
extension_tools,12,registration,3999,,,12,,,true,,,false
extension_tools,24,registration,7998,,,24,,,true,,,false
extension_tools,36,registration,11997,,,36,,,true,,,false
extension_top,12,registration,1999,,,12,,,true,,,false
extension_top,24,registration,3997,,,24,,,true,,,false
extension_top,36,registration,5997,,,36,,,true,,,false
extension_tours,12,registration,5999,,,12,,,true,,,false
extension_tours,24,registration,11998,,,24,,,true,,,false
extension_tours,36,registration,17997,,,36,,,true,,,false
extension_town,12,registration,3499,,,12,,,true,,,false
extension_town,24,registration,6998,,,24,,,true,,,false
extension_town,36,registration,10497,,,36,,,true,,,false
extension_toys,12,registration,5199,,,12,,,true,,,false
extension_toys,24,registration,10398,,,24,,,true,,,false
extension_toys,36,registration,15597,,,36,,,true,,,false
extension_tozsde.hu,24,registration,12399,,,24,,,true,,,true
extension_trade,12,registration,3499,,,12,,,true,,,false
extension_trade,24,registration,6998,,,24,,,true,,,false
extension_trade,36,registration,10497,,,36,,,true,,,false
extension_trading,12,registration,9999,,,12,,,true,,,false
extension_trading,24,registration,19998,,,24,,,true,,,false
extension_trading,36,registration,29997,,,36,,,true,,,false
extension_training,12,registration,3999,,,12,,,true,,,false
extension_training,24,registration,7998,,,24,,,true,,,false
extension_training,36,registration,11997,,,36,,,true,,,false
extension_travel,12,registration,14999,,,12,,,true,,,false
extension_travel,24,registration,30798,,,24,,,true,,,false
extension_travel,36,registration,46197,,,36,,,true,,,false
extension_tt,12,registration,46199,,,12,,,false,,,false
extension_tt,24,registration,92398,,,24,,,false,,,false
extension_tt,36,registration,138599,,,36,,,false,,,false
extension_tube,12,registration,3099,,,12,,,true,,,false
extension_tube,24,registration,6198,,,24,,,true,,,false
extension_tube,36,registration,9297,,,36,,,true,,,false
extension_tv,12,registration,6899,,,12,,,true,,,false
extension_tv,24,registration,12398,,,24,,,true,,,false
extension_tv,36,registration,18597,,,36,,,true,,,false
extension_tv.tr,12,registration,1699,,,12,,,true,,,true
extension_tw,12,registration,5999,,,12,,,true,,,false
extension_tw,24,registration,11998,,,24,,,true,,,false
extension_tw,36,registration,17997,,,36,,,true,,,false
extension_ua,12,registration,8999,,,12,,,true,,,false
extension_ua,24,registration,17998,,,24,,,true,,,false
extension_ua,36,registration,26997,,,36,,,true,,,false
extension_ug,12,registration,7699,,,12,,,true,,,false
extension_ug,24,registration,15397,,,24,,,true,,,false
extension_ug,36,registration,23097,,,36,,,true,,,false
extension_uk,12,registration,4399,,,12,,,true,,,false
extension_uk,24,registration,7398,,,24,,,true,,,false
extension_uk,36,registration,11097,,,36,,,true,,,false
extension_uk.com,12,registration,4600,,,12,,,true,,,true
extension_university,12,registration,5199,,,12,,,true,,,false
extension_university,24,registration,10398,,,24,,,true,,,false
extension_university,36,registration,15597,,,36,,,true,,,false
extension_uno,12,registration,2999,,,12,,,true,,,false
extension_uno,24,registration,5998,,,24,,,true,,,false
extension_uno,36,registration,8997,,,36,,,true,,,false
extension_us,12,registration,3899,,,12,,,true,,,false
extension_us,24,registration,6398,,,24,,,true,,,false
extension_us,36,registration,9597,,,36,,,true,,,false
extension_utazas.hu,24,registration,12399,,,24,,,true,,,true
extension_uy,12,registration,10299,,,12,,,true,,,false
extension_uy,24,registration,20598,,,24,,,true,,,false
extension_uy,36,registration,30897,,,36,,,true,,,false
extension_uz,12,registration,11799,,,12,,,true,,,false
extension_uz,24,registration,23598,,,24,,,true,,,false
extension_uz,36,registration,35397,,,36,,,true,,,false
extension_vacations,12,registration,3499,,,12,,,true,,,false
extension_vacations,24,registration,6998,,,24,,,true,,,false
extension_vacations,36,registration,10497,,,36,,,true,,,false
extension_vc,12,registration,4099,,,12,,,true,,,false
extension_vc,24,registration,8198,,,24,,,true,,,false
extension_vc,36,registration,12297,,,36,,,true,,,false
extension_vegas,12,registration,6199,,,12,,,true,,,false
extension_vegas,24,registration,12398,,,24,,,true,,,false
extension_vegas,36,registration,18597,,,36,,,true,,,false
extension_ventures,12,registration,5199,,,12,,,true,,,false
extension_ventures,24,registration,10398,,,24,,,true,,,false
extension_ventures,36,registration,15597,,,36,,,true,,,false
extension_vet,12,registration,3499,,,12,,,true,,,false
extension_vet,24,registration,6998,,,24,,,true,,,false
extension_vet,36,registration,10497,,,36,,,true,,,false
extension_vg,12,registration,10299,,,12,,,true,,,false
extension_vg,24,registration,20598,,,24,,,true,,,false
extension_vg,36,registration,30897,,,36,,,true,,,false
extension_viajes,12,registration,5199,,,12,,,true,,,false
extension_viajes,24,registration,10398,,,24,,,true,,,false
extension_viajes,36,registration,15597,,,36,,,true,,,false
extension_video,12,registration,2999,,,12,,,true,,,false
extension_video,24,registration,5998,,,24,,,true,,,false
extension_video,36,registration,8997,,,36,,,true,,,false
extension_video.hu,24,registration,12399,,,24,,,true,,,true
extension_villas,12,registration,5199,,,12,,,true,,,false
extension_villas,24,registration,10398,,,24,,,true,,,false
extension_villas,36,registration,15597,,,36,,,true,,,false
extension_vin,12,registration,5199,,,12,,,true,,,false
extension_vin,24,registration,10398,,,24,,,true,,,false
extension_vin,36,registration,15597,,,36,,,true,,,false
extension_vip,12,registration,2999,,,12,,,true,,,false
extension_vip,24,registration,5998,,,24,,,true,,,false
extension_vip,36,registration,8997,,,36,,,true,,,false
extension_vision,12,registration,3999,,,12,,,true,,,false
extension_vision,24,registration,7998,,,24,,,true,,,false
extension_vision,36,registration,11997,,,36,,,true,,,false
extension_vlaanderen,12,registration,3999,,,12,,,true,,,false
extension_vlaanderen,24,registration,7998,,,24,,,true,,,false
extension_vlaanderen,36,registration,11997,,,36,,,true,,,false
extension_vn,12,registration,15399,,,12,,,true,,,false
extension_vn,24,registration,30798,,,24,,,true,,,false
extension_vn,36,registration,46197,,,36,,,true,,,false
extension_vodka,12,registration,3099,,,12,,,true,,,false
extension_vodka,24,registration,6198,,,24,,,true,,,false
extension_vodka,36,registration,9297,,,36,,,true,,,false
extension_vote,12,registration,7999,,,12,,,true,,,false
extension_vote,24,registration,15997,,,24,,,true,,,false
extension_vote,36,registration,23997,,,36,,,true,,,false
extension_voto,12,registration,7699,,,12,,,true,,,false
extension_voto,24,registration,15397,,,24,,,true,,,false
extension_voto,36,registration,23097,,,36,,,true,,,false
extension_voyage,12,registration,5199,,,12,,,true,,,false
extension_voyage,24,registration,10398,,,24,,,true,,,false
extension_voyage,36,registration,15597,,,36,,,true,,,false
extension_vu,12,registration,10299,,,12,,,true,,,false
extension_vu,24,registration,20598,,,24,,,true,,,false
extension_vu,36,registration,30897,,,36,,,true,,,false
extension_wales,12,registration,3099,,,12,,,true,,,false
extension_wales,24,registration,6198,,,24,,,true,,,false
extension_wales,36,registration,9297,,,36,,,true,,,false
extension_wang,12,registration,1999,,,12,,,true,,,false
extension_wang,24,registration,3997,,,24,,,true,,,false
extension_wang,36,registration,5997,,,36,,,true,,,false
extension_watch,12,registration,3999,,,12,,,true,,,false
extension_watch,24,registration,7998,,,24,,,true,,,false
extension_watch,36,registration,11997,,,36,,,true,,,false
extension_webcam,12,registration,3499,,,12,,,true,,,false
extension_webcam,24,registration,6998,,,24,,,true,,,false
extension_webcam,36,registration,10497,,,36,,,true,,,false
extension_web.id,12,registration,18000,,,12,,,true,,,true
extension_website,12,registration,4899,,,12,,,true,,,false
extension_website,24,registration,8398,,,24,,,true,,,false
extension_website,36,registration,12597,,,36,,,true,,,false
extension_web.tr,12,registration,1699,,,12,,,true,,,true
extension_web.ve,12,registration,10299,,,12,,,true,,,true
extension_web.za,12,registration,1299,,,12,,,true,,,true
extension_wedding,12,registration,3999,,,12,,,true,,,false
extension_wedding,24,registration,7998,,,24,,,true,,,false
extension_wedding,36,registration,11997,,,36,,,true,,,false
extension_wf,12,registration,1299,,,12,,,true,,,false
extension_wf,24,registration,2598,,,24,,,true,,,false
extension_wf,36,registration,3897,,,36,,,true,,,false
extension_wien,12,registration,4099,,,12,,,true,,,false
extension_wien,24,registration,8198,,,24,,,true,,,false
extension_wien,36,registration,12297,,,36,,,true,,,false
extension_wiki,12,registration,3999,,,12,,,true,,,false
extension_wiki,24,registration,7998,,,24,,,true,,,false
extension_wiki,36,registration,11997,,,36,,,true,,,false
extension_win,12,registration,3099,,,12,,,true,,,false
extension_win,24,registration,6198,,,24,,,true,,,false
extension_win,36,registration,9297,,,36,,,true,,,false
extension_wine,12,registration,5199,,,12,,,true,,,false
extension_wine,24,registration,10398,,,24,,,true,,,false
extension_wine,36,registration,15597,,,36,,,true,,,false
extension_work,12,registration,1999,,,12,,,true,,,false
extension_work,24,registration,3997,,,24,,,true,,,false
extension_work,36,registration,5997,,,36,,,true,,,false
extension_works,12,registration,3999,,,12,,,true,,,false
extension_works,24,registration,7998,,,24,,,true,,,false
extension_works,36,registration,11997,,,36,,,true,,,false
extension_world,12,registration,3999,,,12,,,true,,,false
extension_world,24,registration,7998,,,24,,,true,,,false
extension_world,36,registration,11997,,,36,,,true,,,false
extension_ws,12,registration,3999,,,12,,,true,,,false
extension_ws,24,registration,7998,,,24,,,true,,,false
extension_ws,36,registration,11997,,,36,,,true,,,false
extension_wtf,12,registration,3999,,,12,,,true,,,false
extension_wtf,24,registration,7998,,,24,,,true,,,false
extension_wtf,36,registration,11997,,,36,,,true,,,false
extension_www.ro,12,registration,1699,,,12,,,true,,,true
extension_xxx,12,registration,10999,,,12,,,true,,,false
extension_xxx,24,registration,21998,,,24,,,true,,,false
extension_xxx,36,registration,32997,,,36,,,true,,,false
extension_xyz,12,registration,3899,,,12,,,true,,,false
extension_xyz,24,registration,6398,,,24,,,true,,,false
extension_xyz,36,registration,9597,,,36,,,true,,,false
extension_yachts,12,registration,4099,,,12,,,true,,,false
extension_yachts,24,registration,8198,,,24,,,true,,,false
extension_yachts,36,registration,12297,,,36,,,true,,,false
extension_yoga,12,registration,3999,,,12,,,true,,,false
extension_yoga,24,registration,7998,,,24,,,true,,,false
extension_yoga,36,registration,11997,,,36,,,true,,,false
extension_yokohama,12,registration,1699,,,12,,,true,,,false
extension_yokohama,24,registration,3397,,,24,,,true,,,false
extension_yokohama,36,registration,5097,,,36,,,true,,,false
extension_yt,12,registration,1499,,,12,,,true,,,false
extension_yt,24,registration,2998,,,24,,,true,,,false
extension_yt,36,registration,4497,,,36,,,true,,,false
extension_zone,12,registration,3999,,,12,,,true,,,false
extension_zone,24,registration,7998,,,24,,,true,,,false
extension_zone,36,registration,11997,,,36,,,true,,,false
First-class-hostingpakket,1,prolongation,2499,,,1,,,false,,,false
First-class-hostingpakket,3,prolongation,7497,,,3,,,false,,,false
First-class-hostingpakket,1,prolongation,2499,,,12,,,false,,,false
First-class-hostingpakket,12,prolongation,29988,,,12,,,false,,,false
free-dns,12,registration,0,,,12,,,true,,,false
free-dns,12,registration,0,,,24,,,true,,,false
free-dns,24,registration,0,,,24,,,true,,,false
free-dns,12,registration,0,,,36,,,true,,,false
free-dns,36,registration,0,,,36,,,true,,,false
free-redirect,12,registration,0,,,12,,,true,,,false
free-redirect,24,registration,0,,,24,,,false,,,false
free-redirect,36,registration,0,,,36,,,false,,,false
hosting-goud,12,registration,1200,,,12,,,true,,,false
hosting-silver,1,registration,499,,,1,,,true,,,false
hosting-silver,3,registration,1497,,,3,,,true,,,false
hosting-silver,12,registration,5988,,,12,,,true,,,false
large-email,12,prolongation,1699,,,12,,,false,,,false
link-in-bio-pro,12,registration,3588,1188,,12,,,true,,,true
mailonly-basic,12,prolongation,0,,173,12,,,true,,,false
mailonly-basic,1,registration,1499,,,12,,,true,,,false
mailonly-basic,12,registration,0,,173,12,,,true,,,false
mailonly-basic,12,registration,17988,0,,12,,,true,,,true
mailonly-basic,1,registration,1199,,,24,,,true,,,false
mailonly-basic,12,registration,14390,,,24,,,false,,,false
mailonly-basic,24,registration,28781,14390,,24,,,true,,,false
mailonly-basic,1,registration,1049,,,36,,,true,,,false
mailonly-basic,12,registration,12592,,,36,,,false,,,false
mailonly-basic,36,registration,37775,25183,,36,,,true,,,false
mailonly-grow,1,registration,1999,,,12,,,true,,,false
mailonly-grow,12,registration,23988,0,,12,,,true,,,true
mailonly-grow,1,registration,1599,,,24,,,true,,,false
mailonly-grow,12,registration,19190,,,24,,,false,,,false
mailonly-grow,24,registration,38381,19190,,24,,,true,,,false
mailonly-grow,1,registration,1399,,,36,,,true,,,false
mailonly-grow,12,registration,16792,,,36,,,false,,,false
mailonly-grow,36,registration,50375,33583,,36,,,true,,,false
mailonly-max,1,registration,3499,,,12,,,true,,,false
mailonly-max,12,registration,41988,0,,12,,,true,,,true
mailonly-max,1,registration,2799,,,24,,,true,,,false
mailonly-max,12,registration,33590,,,24,,,false,,,false
mailonly-max,24,registration,67181,33590,,24,,,true,,,false
mailonly-max,1,registration,2449,,,36,,,true,,,false
mailonly-max,12,registration,29392,,,36,,,false,,,false
mailonly-max,36,registration,88175,58783,,36,,,true,,,false
mailonly-plus,1,registration,2999,,,12,,,true,,,false
mailonly-plus,12,registration,35988,0,,12,,,true,,,true
mailonly-plus,1,registration,2399,,,24,,,true,,,false
mailonly-plus,12,registration,28790,,,24,,,false,,,false
mailonly-plus,24,registration,57581,28790,,24,,,true,,,false
mailonly-plus,1,registration,2099,,,36,,,true,,,false
mailonly-plus,12,registration,25192,,,36,,,false,,,false
mailonly-plus,36,registration,75575,50383,,36,,,true,,,false
mailonly-start,1,registration,2499,,,12,,,true,,,false
mailonly-start,12,registration,29988,0,,12,,,true,,,true
mailonly-start,1,registration,1999,,,24,,,true,,,false
mailonly-start,12,registration,23990,,,24,,,false,,,false
mailonly-start,24,registration,47981,23990,,24,,,true,,,false
mailonly-start,1,registration,1749,,,36,,,true,,,false
mailonly-start,12,registration,20992,,,36,,,false,,,false
mailonly-start,36,registration,62975,41983,,36,,,true,,,false
max,12,prolongation,2999,,,12,,,false,,,false
microsoft-365-business-basic-zonder-teams,1,registration,999,,,1,,,true,,,false
microsoft-365-business-basic-zonder-teams,12,registration,10788,,,12,,,true,3,99,false
microsoft-365-business-standard-zonder-teams,1,registration,1799,,,1,,,true,,,false
microsoft-365-business-standard-zonder-teams,12,registration,19188,,,12,,,true,,,false
microsoft-apps-for-business,1,registration,1999,,,1,,,true,,,false
microsoft-apps-for-business,12,registration,20388,15588,,12,,,true,3,99,false
microsoft-apps-for-business-parent,1,registration,0,,,1,,,true,,,false
microsoft-apps-for-business-parent,12,registration,0,,,12,,,true,,,false
microsoft-apps-for-enterprise,1,registration,2099,,,1,,,true,,,false
microsoft-apps-for-enterprise,12,registration,23988,,,12,,,true,,,false
microsoft-apps-for-enterprise-parent,1,registration,0,,,1,,,true,,,false
microsoft-apps-for-enterprise-parent,12,registration,0,,,12,,,true,,,false
microsoft-azure-information-protection-p1,1,registration,1249,,,1,,,true,,,false
microsoft-azure-information-protection-p1,12,registration,13788,,,12,,,true,,,false
microsoft-azure-information-protection-p1-parent,1,registration,0,,,1,,,true,,,false
microsoft-azure-information-protection-p1-parent,12,registration,0,,,12,,,true,,,false
microsoft-business-basic,1,prolongation,1399,,7,1,,,true,,,false
microsoft-business-basic,1,registration,1399,,,1,,,true,,,false
microsoft-business-basic,12,registration,13188,10188,,12,,,true,3,99,false
microsoft-business-basic-parent,1,registration,0,,,1,,,true,,,false
microsoft-business-basic-parent,12,registration,0,,,12,,,true,,,false
microsoft-business-premium,1,registration,2899,,,1,,,true,,,false
microsoft-business-premium,12,registration,33588,25488,,12,,,true,3,99,false
microsoft-business-premium,12,registration,0,,338,12,,,true,,,false
microsoft-business-premium-parent,1,registration,0,,,1,,,true,,,false
microsoft-business-premium-parent,12,registration,0,,,12,,,true,,,false
microsoft-business-standard,1,prolongation,2199,,7,1,,,true,,,false
microsoft-business-standard,1,registration,2199,,,1,,,true,,,false
microsoft-business-standard,12,registration,21588,16488,,12,,,true,3,99,false
microsoft-business-standard-parent,1,registration,0,,,1,,,true,,,false
microsoft-business-standard-parent,12,registration,0,,,12,,,true,,,false
microsoft-copilot-for-microsoft-365,1,registration,1638,,,12,,,true,,,false
microsoft-copilot-for-microsoft-365,12,registration,0,,338,12,,,true,,,false
microsoft-copilot-for-microsoft-365,12,registration,21840,,,12,,,true,,,false
microsoft-copilot-for-microsoft-365-parent,1,registration,0,,,12,,,false,,,false
microsoft-copilot-for-microsoft-365-parent,12,registration,0,,,12,,,false,,,false
microsoft-defender-office365-p1-addon,1,registration,449,,,1,,,true,,,false
microsoft-defender-office365-p1-addon,12,registration,4188,,,12,,,true,,,false
microsoft-defender-office365-p1-addon-parent,1,registration,0,,,1,,,true,,,false
microsoft-defender-office365-p1-addon-parent,12,registration,0,,,12,,,true,,,false
microsoft-exchange-online-archiving-addon,1,registration,599,,,1,,,true,,,false
microsoft-exchange-online-archiving-addon,12,registration,6588,,,12,,,true,,,false
microsoft-exchange-online-archiving-addon-parent,1,registration,0,,,1,,,true,,,false
microsoft-exchange-online-archiving-addon-parent,12,registration,0,,,12,,,true,,,false
microsoft-exchange-p1,1,registration,1199,,,1,,,true,,,false
microsoft-exchange-p1,12,registration,10788,,,12,,,true,,,false
microsoft-exchange-p1-parent,1,registration,0,,,1,,,true,,,false
microsoft-exchange-p1-parent,12,registration,0,,,12,,,true,,,false
microsoft-exchange-p2,1,registration,1599,,,1,,,true,,,false
microsoft-exchange-p2,12,registration,15588,,,12,,,true,,,false
microsoft-exchange-p2-parent,1,registration,0,,,1,,,true,,,false
microsoft-exchange-p2-parent,12,registration,0,,,12,,,true,,,false
microsoft-kiosk,1,registration,1099,,,1,,,true,,,false
microsoft-kiosk,12,registration,9588,,,12,,,true,,,false
microsoft-kiosk-parent,1,registration,0,,,1,,,true,,,false
microsoft-kiosk-parent,12,registration,0,,,12,,,true,,,false
microsoft-office365-e1,1,registration,1399,,,1,,,true,,,false
microsoft-office365-e1,12,registration,15588,,,12,,,true,,,false
microsoft-office365-e1-parent,1,registration,0,,,1,,,true,,,false
microsoft-office365-e1-parent,12,registration,0,,,12,,,true,,,false
microsoft-office365-e3,1,registration,3099,,,1,,,true,,,false
microsoft-office365-e3,12,registration,35988,,,12,,,true,,,false
microsoft-office365-e3-parent,1,registration,0,,,1,,,true,,,false
microsoft-office365-e3-parent,12,registration,0,,,12,,,true,,,false
microsoft-office365-extra-storage-addon,1,registration,32,,,1,,,true,,,false
microsoft-office365-extra-storage-addon,12,registration,372,,,12,,,true,,,false
microsoft-office365-extra-storage-addon-parent,1,registration,0,,,1,,,true,,,false
microsoft-office365-extra-storage-addon-parent,12,registration,0,,,12,,,true,,,false
microsoft-onedrive-p1,1,registration,999,,,1,,,true,,,false
microsoft-onedrive-p1,12,registration,10788,,,12,,,true,,,false
microsoft-onedrive-p1-parent,1,registration,0,,,1,,,true,,,false
microsoft-onedrive-p1-parent,12,registration,0,,,12,,,true,,,false
microsoft-onedrive-p2,1,registration,1649,,,1,,,true,,,false
microsoft-onedrive-p2,12,registration,18588,,,12,,,true,,,false
microsoft-onedrive-p2-parent,1,registration,0,,,1,,,true,,,false
microsoft-onedrive-p2-parent,12,registration,0,,,12,,,true,,,false
microsoft-power-bi-pro,1,registration,1799,,,1,,,true,,,false
microsoft-power-bi-pro,12,registration,20388,,,12,,,true,,,false
microsoft-power-bi-pro-parent,1,registration,0,,,1,,,true,,,false
microsoft-power-bi-pro-parent,12,registration,0,,,12,,,true,,,false
microsoft-project-plan-1,1,registration,999,,,1,,,true,,,false
microsoft-project-plan-1,12,registration,10490,,,12,,,true,,,false
microsoft-project-plan-1-parent,1,registration,0,,,1,,,true,,,false
microsoft-project-plan-1-parent,12,registration,0,,,12,,,true,,,false
microsoft-project-plan-3,1,registration,3499,,,1,,,false,,,false
microsoft-project-plan-3,12,registration,40788,,,12,,,false,,,false
microsoft-project-plan-3-parent,1,registration,0,,,1,,,true,,,false
microsoft-project-plan-3-parent,12,registration,0,,,12,,,true,,,false
microsoft-sharepoint-p1,1,registration,799,,,1,,,true,,,false
microsoft-sharepoint-p1,12,registration,8388,,,12,,,true,,,false
microsoft-sharepoint-p1-parent,1,registration,0,,,1,,,true,,,false
microsoft-sharepoint-p1-parent,12,registration,0,,,12,,,true,,,false
microsoft-teams-essentials,1,registration,471,,,1,,,true,,,false
microsoft-teams-essentials,12,registration,5652,,,12,,,true,,,false
microsoft-teams-essentials-parent,1,registration,0,,,1,,,true,,,false
microsoft-teams-essentials-parent,12,registration,0,,,12,,,true,,,false
microsoft-visio-p2,1,registration,1949,,,1,,,true,,,false
microsoft-visio-p2,12,registration,20988,,,12,,,true,,,false
microsoft-visio-p2-parent,1,registration,0,,,1,,,true,,,false
microsoft-visio-p2-parent,12,registration,0,,,12,,,true,,,false
microsoft-visio-plan-1,12,prolongation,5250,,,12,,,true,,,false
microsoft-visio-plan-1,1,registration,600,,,1,,,true,,,false
microsoft-visio-plan-1,12,registration,5200,,,12,,,true,,,false
microsoft-visio-plan-1-parent,1,registration,0,,,1,,,true,,,false
microsoft-visio-plan-1-parent,12,registration,0,,,12,,,true,,,false
mijnwinkel_plus_addons,1,registration,2999,0,,1,4224,,false,,,false
mijnwinkel_start_addons,1,registration,1999,0,,1,4223,,false,,,false
Mini-Hosting,1,prolongation,1499,,,1,,,false,,,false
Mini-Hosting,3,prolongation,4497,,,3,,,false,,,false
Mini-Hosting,1,prolongation,1499,,,12,,,false,,,false
Mini-Hosting,12,prolongation,17988,,,12,,,false,,,false
m-pro-3,1,registration,15949,,,1,,,true,,,false
m-pro-4,1,prolongation,0,,239,1,,,true,,,false
m-pro-4,1,registration,0,,239,1,,,true,,,false
m-pro-4,1,registration,21999,,,1,,,true,,,false
office-apps-for-business,1,registration,1999,,,1,,,true,,,false
office-apps-for-business,12,registration,20388,,,12,,,true,,,false
office-business-basic,1,registration,1399,,,1,,,true,,,false
office-business-basic,12,registration,13188,,,12,,,true,,,false
office-business-standard,1,registration,2199,,,1,,,true,,,false
office-business-standard,12,registration,21588,,,12,,,true,,,false
office-exchange-p1,1,registration,1199,,,1,,,true,,,false
office-exchange-p1,12,registration,10788,,,12,,,true,,,false
office-exchange-p2,1,registration,1599,,,1,,,true,,,false
office-exchange-p2,12,registration,15588,,,12,,,true,,,false
office-kiosk,1,registration,1099,,,1,,,true,,,false
office-kiosk,12,registration,9588,,,12,,,true,,,false
office-onedrive-p1,1,registration,999,,,1,,,true,,,false
office-onedrive-p1,12,registration,10788,,,12,,,true,,,false
office-onedrive-p2,1,registration,1649,,,1,,,true,,,false
office-onedrive-p2,12,registration,18588,,,12,,,true,,,false
office-sharepoint-p1,1,registration,799,,,1,,,true,,,false
office-sharepoint-p1,12,registration,11000,,,12,,,true,,,false
office-sharepoint-p2,1,registration,1000,,,1,,,true,,,false
office-sharepoint-p2,12,registration,11000,,,12,,,true,,,false
office-sharepoint-p2-parent,1,registration,0,,,1,,,true,,,false
office-sharepoint-p2-parent,12,registration,0,,,12,,,true,,,false
_old,12,prolongation,11999,,,12,,,true,,,false
_old,12,registration,11364,,,12,,,true,,,false
_old,24,registration,30799,,,24,,,true,,,false
_old,36,registration,59997,,,36,,,true,,,false
Online-Visitekaartje,1,prolongation,1499,,,1,,,false,,,false
Online-Visitekaartje,1,prolongation,1499,,,12,,,false,,,false
Online-Visitekaartje,12,prolongation,17988,,,12,,,false,,,false
Online-Visitekaartje,24,prolongation,28781,,,24,,,false,,,false
power,12,prolongation,3499,,,12,,,false,,,false
PREMIUM+,1,prolongation,4499,,,12,,,true,,,false
PREMIUM+,12,registration,53988,,,12,,,false,,,false
premium-dns,12,prolongation,0,,74,12,,,true,,,false
premium-dns,1,registration,99,,,1,,,false,,,false
premium-dns,12,registration,2388,120,,12,,,true,,,false
premium-dns,12,registration,1910,,,24,,,false,,,false
premium-dns,24,registration,3821,2009,,24,,,true,12,10,false
premium-dns,12,registration,1672,,,36,,,false,,,false
premium-dns,36,registration,5015,3442,,36,,,true,12,10,true
Premium_SoHosted,1,prolongation,3999,,,12,,,true,,,false
Premium_SoHosted,12,prolongation,47988,,,12,,,true,,,false
Premium_SoHosted,12,prolongation,38390,,,24,,,true,,,false
Premium_SoHosted,12,prolongation,33592,,,36,,,true,,,false
premium_support,3,registration,2400,,,3,,,false,,,false
Pro,1,prolongation,3499,,,12,,,true,,,false
Pro,12,prolongation,41988,,,12,,,true,,,false
Pro,12,prolongation,33590,,,24,,,true,,,false
Pro,12,prolongation,29392,,,36,,,true,,,false
pro-1,1,registration,1999,499,,1,,,true,,,false
pro-16,1,prolongation,0,,305,1,,,true,,,false
pro-16,1,registration,0,,305,1,,,true,,,false
pro-16,1,registration,10999,,,1,,,true,,,false
pro-2,1,registration,2499,799,,1,,,true,,,false
pro-24,1,registration,16499,,,1,,,true,,,false
pro-32,1,registration,24999,,,1,,,true,,,false
pro-4,1,registration,2999,999,,1,,,true,,,false
pro-48,1,registration,29999,,,1,,,true,,,false
pro-8,1,prolongation,0,,305,1,,,true,,,false
pro-8,1,registration,6499,1799,,1,,,true,,,false
pro-8,1,registration,0,,305,1,,,true,,,false
quarantainekosten,1,registration,15000,,,1,,,false,,,false
redirect,1,prolongation,0,,504,12,,,true,,,false
redirect,12,prolongation,0,,504,12,,,true,,,false
redirect,24,prolongation,0,,504,24,,,true,,,false
redirect,36,prolongation,0,,504,36,,,true,,,false
redirect,1,registration,99,,,12,,,true,,,false
redirect,1,registration,0,,504,12,,,true,,,false
redirect,12,registration,1188,,,12,,,true,,,false
redirect,12,registration,0,,504,12,,,true,,,false
redirect,1,registration,79,,,24,,,true,,,false
redirect,24,registration,0,,504,24,,,true,,,false
redirect,24,registration,1901,,,24,,,true,,,false
redirect,1,registration,69,,,36,,,true,,,false
redirect,36,registration,0,,504,36,,,true,,,false
redirect,36,registration,2495,,,36,,,true,,,false
redirect-bundel,12,registration,5100,,,12,,,true,,,false
reseller-basis,1,registration,499,499,,1,,,true,,,false
reseller-basis,2,registration,998,998,,2,,,true,,,false
reseller-basis,3,registration,1497,1497,,3,,,true,,,false
reseller-basis,12,registration,5988,5988,,12,,,true,,,false
reseller-basis,24,registration,11976,11976,,24,,,true,,,false
reseller-basis,36,registration,17964,16168,,36,,,true,,,false
reseller-brons,1,registration,799,799,,1,,,true,,,false
reseller-brons,2,registration,1598,1598,,2,,,true,,,false
reseller-brons,3,registration,2397,2397,,3,,,true,,,false
reseller-brons,12,registration,9588,9588,,12,,,true,,,false
reseller-brons,24,registration,19176,19176,,24,,,true,,,false
reseller-brons,36,registration,28764,25888,,36,,,true,,,false
reseller-discount_reseller_domain,1,registration,900,,,1,,,true,,,false
reseller-discount_reseller_domain,12,registration,10200,,,12,,,true,,,false
reseller-goud,1,registration,2999,2999,,1,,,true,,,false
reseller-goud,2,registration,5988,5988,,2,,,true,,,false
reseller-goud,3,registration,8997,8997,,3,,,true,,,false
reseller-goud,12,registration,35988,35988,,12,,,true,,,false
reseller-goud,24,registration,71976,71976,,24,,,true,,,false
reseller-goud,36,registration,107964,97168,,36,,,true,,,false
reseller-platinum,1,registration,5999,5999,,1,,,true,,,false
reseller-platinum,2,registration,11998,11998,,2,,,true,,,false
reseller-platinum,3,registration,17997,17997,,3,,,true,,,false
reseller-platinum,12,registration,71988,71988,,12,,,true,,,false
reseller-platinum,24,registration,143976,143976,,24,,,true,,,false
reseller-platinum,36,registration,215964,194368,,36,,,true,,,false
reseller-start,1,registration,299,299,,1,,,true,,,false
reseller-start,2,registration,598,598,,2,,,true,,,false
reseller-start,3,registration,897,897,,3,,,true,,,false
reseller-start,12,registration,3588,3588,,12,,,true,,,false
reseller-start,24,registration,7176,7176,,24,,,true,,,false
reseller-start,36,registration,10764,9688,,36,,,true,,,false
reseller-zilver,1,registration,1499,1499,,1,,,true,,,false
reseller-zilver,2,registration,2998,2998,,2,,,true,,,false
reseller-zilver,3,registration,4497,4497,,3,,,true,,,false
reseller-zilver,12,registration,17988,17988,,12,,,true,,,false
reseller-zilver,24,registration,35976,35976,,24,,,true,,,false
reseller-zilver,36,registration,53964,48568,,36,,,true,,,false
RH_hosting_basic,1,prolongation,1999,,,1,,,false,,,false
RH_hosting_basic,12,prolongation,23988,,,12,,,false,,,false
RH_hosting_basic,24,prolongation,38381,,,24,,,true,,,false
RH_hosting_basic,36,prolongation,50375,,,36,,,true,,,false
RH_hosting_e-mail_only,1,prolongation,1699,,,1,,,false,,,false
RH_hosting_e-mail_only,12,prolongation,20388,,,12,,,false,,,false
RH_hosting_e-mail_only,24,prolongation,32621,,,24,,,true,,,false
RH_hosting_e-mail_only,36,prolongation,42815,,,36,,,true,,,false
RH_hosting_premium,1,prolongation,3499,,,1,,,false,,,false
RH_hosting_premium,3,prolongation,10497,,,3,,,false,,,false
RH_hosting_premium,12,prolongation,41988,,,12,,,false,,,false
RH_hosting_premium,24,prolongation,67181,,,24,,,true,,,false
RH_hosting_premium,36,prolongation,88175,,,36,,,true,,,false
RH_hosting_professional,1,prolongation,3999,,,1,,,false,,,false
RH_hosting_professional,3,prolongation,11997,,,3,,,false,,,false
RH_hosting_professional,12,prolongation,47988,,,12,,,false,,,false
RH_hosting_professional,24,prolongation,76781,,,24,,,true,,,false
RH_hosting_professional,36,prolongation,100775,,,36,,,true,,,false
RH_hosting_starter,1,prolongation,2999,,,1,,,false,,,false
RH_hosting_starter,3,prolongation,8997,,,3,,,false,,,false
RH_hosting_starter,12,prolongation,35988,,,12,,,false,,,false
RH_hosting_starter,24,prolongation,57581,,,24,,,true,,,false
RH_hosting_starter,36,prolongation,75575,,,36,,,true,,,false
RH_hosting_web_only,1,prolongation,499,,,1,,,false,,,false
RH_hosting_web_only,12,prolongation,5988,,,12,,,false,,,false
RH_hosting_web_only,24,prolongation,9581,,,24,,,true,,,false
RH_hosting_web_only,36,prolongation,12575,,,36,,,true,,,false
service_plus,1,registration,999,,,1,,,false,,,false
service_plus,3,registration,2997,,,3,,,false,,,false
service_plus,1,registration,999,,,12,,,true,,,false
service_plus,12,registration,11988,,,12,,,true,,,false
service_plus,1,registration,999,,,24,,,true,,,false
service_plus,12,registration,11988,,,24,,,true,,,false
service_plus,24,registration,23976,,,24,,,true,,,false
service_plus,1,registration,999,,,36,,,true,,,false
service_plus,12,registration,11988,,,36,,,true,,,false
service_plus,36,registration,35964,,,36,,,true,,,false
sitebuilder,1,registration,999,,,12,,,true,,,false
sitebuilder,12,registration,11988,,,12,,,true,,,true
sitebuilder,1,registration,799,,,24,,,true,,,false
sitebuilder,24,registration,19181,,,24,,,true,,,false
sitebuilder,1,registration,699,,,36,,,true,,,false
sitebuilder,36,registration,25175,,,36,,,true,,,false
ssl_wildcard,24,prolongation,19176,,,24,,,true,,,false
ssl_wildcard,12,registration,10788,,,12,,,true,,,false
ssl_wildcard,24,registration,17261,,,24,,,true,,,false
ssl_wildcard,36,registration,22655,,,36,,,true,,,false
Standard,1,prolongation,2999,,,12,,,true,,,false
Standard,12,prolongation,35988,,,12,,,true,,,false
Standard,12,prolongation,28790,,,24,,,true,,,false
Standard,12,prolongation,25192,,,36,,,true,,,false
standard-email,12,prolongation,1499,,,12,,,false,,,false
Succes-Hosting,1,prolongation,2499,,,1,,,false,,,false
Succes-Hosting,3,prolongation,7497,,,3,,,false,,,false
Succes-Hosting,1,prolongation,2499,,,12,,,false,,,false
Succes-Hosting,12,prolongation,29988,,,12,,,false,,,false
TopSite,1,prolongation,3499,,,12,,,false,,,false
TopSite,12,prolongation,41988,,,12,,,false,,,false
transfer_service,1,registration,7500,,,1,,,true,,,false
ubuntu-20.04,1,registration,0,0,,1,,,true,,,false
ubuntu_2204_password_enabled,1,registration,0,,,1,,,true,,,false
ubuntu_2404_password_enabled,1,registration,0,,,1,,,true,,,false
ubuntu_2404_ssh_enabled,1,registration,0,,,1,,,true,,,false
vps-1,1,registration,800,400,,1,,,true,,,false
vps-2,1,prolongation,1999,,,1,,,false,,,false
vps-3,1,prolongation,2999,,,1,,,false,,,false
vps-4,1,prolongation,4999,,,1,,,false,,,false
web-basic,12,prolongation,0,,74,12,,,true,,,false
web-basic,1,registration,1999,,,12,,,true,,,false
web-basic,12,registration,23988,9588,,12,5747,,true,6,99,false
web-basic,1,registration,1599,,,24,,,true,,,false
web-basic,12,registration,19190,,,24,,,true,,,false
web-basic,24,registration,38381,26861,,24,,,true,6,99,false
web-basic,1,registration,1399,,,36,,,true,,,false
web-basic,12,registration,16792,,,36,,,true,,,false
web-basic,36,registration,50375,40295,,36,,,true,6,99,false
web-basic-wp,1,registration,1999,,,12,,,true,,,false
web-basic-wp,12,registration,23988,9588,,12,5747,,true,6,99,true
web-basic-wp,1,registration,1599,,,24,,,true,,,false
web-basic-wp,12,registration,19190,,,24,,,true,,,false
web-basic-wp,24,registration,38381,26861,,24,,,true,6,99,false
web-basic-wp,1,registration,1399,,,36,,,true,,,false
web-basic-wp,12,registration,16792,,,36,,,true,,,false
web-basic-wp,36,registration,50375,40295,,36,,,true,6,99,false
webdesign_1_uur,1,registration,7000,,,1,,,true,,,false
webdesign_aanvullende_pagina,1,registration,5000,,,1,,,false,,,false
webdesign_alt_low,1,registration,7000,,,1,,,true,,,false
webdesign_chatfunctie,1,registration,15000,,,1,,,true,,,false
Webdesign---Eenmalige-website-check-en-advies,1,registration,7000,,,1,,,true,,,false
webdesign-een-pagina-pakket,1,registration,45000,,,1,,,true,,,false
Webdesign---Formulier-inrichten-en-koppelen-met-contactpersonen,1,registration,36000,,,1,,,true,,,false
webdesign_huisstijl_pakket,1,registration,45000,,,1,,,false,,,false
webdesign-implementatie-donatie-betaalsysteem,1,registration,15000,,,1,,,true,,,false
webdesign-implementatie-ga,1,registration,8500,,,1,,,true,,,false
webdesign_implementatie_meertaligheidsmodule,1,registration,15000,,,1,,,true,,,false
webdesign_Instellen_per_taal,1,registration,20000,,,1,,,true,,,false
webdesign_instellen_taal_1_pagina,1,registration,2500,,,1,,,true,,,false
webdesign_is_crawlable,1,registration,5000,,,1,,,true,,,false
webdesign-logo,1,registration,15000,,,1,,,true,,,false
webdesign-logo-aanpassen,1,registration,10500,,,1,,,true,,,false
webdesign_maatwerk_pakket,1,registration,75000,,,1,,,true,,,false
webdesign_modern_image_formats,1,registration,7000,,,1,,,true,,,false
webdesign-onetime-update,1,registration,7500,,,1,,,true,,,false
webdesign_opstartkosten,1,registration,10500,,,1,,,true,,,false
webdesign_robots_txt,1,registration,5000,,,1,,,true,,,false
webdesign_robot_txt,1,registration,5000,,,1,,,true,,,false
webdesign_smaller_images,1,registration,5000,,,1,,,true,,,false
Webdesign_underconstructionpagina,1,registration,15000,,,1,,,false,,,false
webdesign-website-rebuild,1,registration,45000,,,1,,,true,,,false
Webdesign_WordPress_onderhoudsservice_brons_losse_maand,1,registration,3500,,,1,,,true,,,false
webdesing_onderzoek_verbeteringen_bestaande_website,1,registration,7500,,,1,,,true,,,false
web-grow,1,registration,2499,,,12,,,true,,,false
web-grow,1,registration,0,,371,12,,,true,,,false
web-grow,12,registration,29988,12588,,12,5748,,true,6,99,false
web-grow,1,registration,1999,,,24,,,true,,,false
web-grow,12,registration,23990,,,24,,,false,,,false
web-grow,24,registration,47981,34061,,24,,,true,6,99,false
web-grow,1,registration,1749,,,36,,,true,,,false
web-grow,12,registration,20992,,,36,,,false,,,false
web-grow,36,registration,62975,50795,,36,,,true,6,99,false
web-grow-wp,12,prolongation,0,,74,12,,,true,,,false
web-grow-wp,1,registration,2499,,,12,,,true,,,false
web-grow-wp,12,registration,29988,12588,,12,5748,,true,6,99,true
web-grow-wp,1,registration,1999,,,24,,,true,,,false
web-grow-wp,12,registration,23990,,,24,,,false,,,false
web-grow-wp,24,registration,47981,34061,,24,,,true,6,99,false
web-grow-wp,1,registration,1749,,,36,,,true,,,false
web-grow-wp,12,registration,20992,,,36,,,false,,,false
web-grow-wp,36,registration,62975,50795,,36,,,true,6,99,false
webmaserservice_recaptcha_implementeren,1,registration,5000,,,1,,,false,,,false
webmasterservice_eenmalig_wordpress_updaten,1,registration,5000,,,1,,,true,,,false
webmasterservice_e-mail_verhuizen,1,registration,2500,,,1,,,false,,,false
webmasterservice_http_https,1,registration,1499,,,1,,,true,,,false
webmasterservice_http_https_free,1,registration,1499,0,,1,,,true,1,0,false
webmasterservice_https_www,1,registration,1499,,,1,,,true,,,false
webmasterservice_migratie_naar_managed_vps,1,registration,7500,,,1,,,true,,,false
webmasterservice_ssl_implementeren,1,registration,5000,,,1,,,false,,,false
webmasterservice_subscription_free,1,registration,0,,,1,,,true,,,false
webmasterservice_website_verhuizen,1,registration,7500,,,1,,,true,,,false
webmasterservice_wordpress_hack_oplossen,1,registration,15000,,,1,,,false,,,false
webmasterservice_wordpress_website_verhuizen,1,registration,7500,,,1,,,false,,,false
webmasterservice_wp_install,1,registration,5000,,,1,,,true,,,false
webmasterservice_wp_update,1,registration,5000,,,1,,,true,,,false
web-max,1,registration,3999,,,12,,,true,,,false
web-max,12,registration,47988,11388,,12,5751,,true,9,99,false
web-max,1,registration,3199,,,24,,,true,,,false
web-max,12,registration,38390,,,24,,,false,,,false
web-max,24,registration,76781,47501,,24,,,true,9,99,false
web-max,1,registration,2799,,,36,,,true,,,false
web-max,12,registration,33592,,,36,,,false,,,false
web-max,36,registration,100775,75155,,36,,,true,9,99,false
web-max-wp,1,registration,3999,,,12,,,true,,,false
web-max-wp,12,registration,47988,11388,,12,5751,,true,9,99,false
web-max-wp,1,registration,3199,,,24,,,true,,,false
web-max-wp,12,registration,38390,,,24,,,false,,,false
web-max-wp,24,registration,76781,47501,,24,,,true,9,99,false
web-max-wp,1,registration,2799,,,36,,,true,,,false
web-max-wp,12,registration,33592,,,36,,,false,,,false
web-max-wp,36,registration,100775,75155,,36,,,true,9,99,false
web-mini,1,registration,699,,,12,,,true,,,false
web-mini,12,registration,8388,,,12,,,true,,,true
web-mini,1,registration,559,,,24,,,true,,,false
web-mini,12,registration,6710,,,24,,,false,,,false
web-mini,24,registration,13421,,,24,,,true,,,false
web-mini,1,registration,489,,,36,,,true,,,false
web-mini,12,registration,5872,,,36,,,false,,,false
web-mini,36,registration,17615,,,36,,,true,,,false
web-mini-wp,1,registration,699,,,12,,,true,,,false
web-mini-wp,12,registration,0,,206,12,,,true,,,false
web-mini-wp,12,registration,8388,,,12,,,true,,,false
web-mini-wp,1,registration,559,,,24,,,true,,,false
web-mini-wp,12,registration,6710,,,24,,,false,,,false
web-mini-wp,24,registration,13421,,,24,,,true,,,false
web-mini-wp,1,registration,489,,,36,,,true,,,false
web-mini-wp,12,registration,5872,,,36,,,false,,,false
web-mini-wp,36,registration,17615,,,36,,,true,,,false
webonly-basic,1,registration,1499,,,12,,,true,,,false
webonly-basic,12,registration,17988,9588,,12,,,true,6,99,true
webonly-basic,1,registration,1199,,,24,,,true,,,false
webonly-basic,12,registration,14390,,,24,,,false,,,false
webonly-basic,24,registration,28781,22180,,24,,,true,6,99,false
webonly-basic,1,registration,1049,,,36,,,true,,,false
webonly-basic,12,registration,12592,,,36,,,false,,,false
webonly-basic,36,registration,37775,32073,,36,,,true,6,99,false
webonly-basic-wp,1,registration,1499,,,12,,,true,,,false
webonly-basic-wp,12,registration,17988,9588,,12,,,true,6,99,false
webonly-basic-wp,1,registration,1199,,,24,,,true,,,false
webonly-basic-wp,12,registration,14390,,,24,,,false,,,false
webonly-basic-wp,24,registration,28781,22180,,24,,,true,6,99,false
webonly-basic-wp,1,registration,1049,,,36,,,true,,,false
webonly-basic-wp,12,registration,12592,,,36,,,false,,,false
webonly-basic-wp,36,registration,37775,32073,,36,,,true,6,99,false
webonly-grow,1,registration,1999,,,12,,,true,,,false
webonly-grow,12,registration,23988,12588,,12,,,true,6,99,false
webonly-grow,1,registration,1599,,,24,,,true,,,false
webonly-grow,12,registration,19190,,,24,,,false,,,false
webonly-grow,24,registration,38381,29380,,24,,,true,6,99,false
webonly-grow,1,registration,1399,,,36,,,true,,,false
webonly-grow,12,registration,16792,,,36,,,false,,,false
webonly-grow,36,registration,50375,42573,,36,,,true,6,99,false
webonly-grow-wp,1,registration,1999,,,12,,,true,,,false
webonly-grow-wp,12,registration,23988,12588,,12,,,true,6,99,false
webonly-grow-wp,1,registration,1599,,,24,,,true,,,false
webonly-grow-wp,12,registration,19190,,,24,,,false,,,false
webonly-grow-wp,24,registration,38381,29380,,24,,,true,6,99,false
webonly-grow-wp,1,registration,1399,,,36,,,true,,,false
webonly-grow-wp,12,registration,16792,,,36,,,false,,,false
webonly-grow-wp,36,registration,50375,42573,,36,,,true,6,99,false
webonly-max,1,registration,3499,,,12,,,true,,,false
webonly-max,12,registration,41988,11388,,12,,,true,9,99,false
webonly-max,1,registration,2799,,,24,,,true,,,false
webonly-max,12,registration,33590,,,24,,,false,,,false
webonly-max,24,registration,67181,42879,,24,,,true,9,99,false
webonly-max,1,registration,2449,,,36,,,true,,,false
webonly-max,12,registration,29392,,,36,,,false,,,false
webonly-max,36,registration,88175,67022,,36,,,true,9,99,false
webonly-max-wp,1,registration,3499,,,12,,,true,,,false
webonly-max-wp,12,registration,41988,21588,,12,,,true,6,99,false
webonly-max-wp,1,registration,2799,,,24,,,true,,,false
webonly-max-wp,12,registration,33590,,,24,,,false,,,false
webonly-max-wp,24,registration,67181,50980,,24,,,true,6,99,false
webonly-max-wp,1,registration,2449,,,36,,,true,,,false
webonly-max-wp,12,registration,29392,,,36,,,false,,,false
webonly-max-wp,36,registration,88175,74073,,36,,,true,6,99,false
webonly-plus,12,prolongation,0,,371,12,,,true,,,false
webonly-plus,1,registration,2999,,,12,,,true,,,false
webonly-plus,12,registration,35988,18588,,12,,,true,6,99,false
webonly-plus,12,registration,0,,371,12,,,true,,,false
webonly-plus,1,registration,2399,,,24,,,true,,,false
webonly-plus,12,registration,28790,,,24,,,false,,,false
webonly-plus,24,registration,57581,43780,,24,,,true,6,99,false
webonly-plus,1,registration,2099,,,36,,,true,,,false
webonly-plus,12,registration,25192,,,36,,,false,,,false
webonly-plus,36,registration,75575,63573,,36,,,true,6,99,false
webonly-plus-wp,1,prolongation,0,,371,12,,,true,,,false
webonly-plus-wp,12,prolongation,0,,371,12,,,true,,,false
webonly-plus-wp,1,registration,0,,371,12,,,true,,,false
webonly-plus-wp,1,registration,2999,,,12,,,true,,,false
webonly-plus-wp,12,registration,35988,18588,,12,,,true,6,99,false
webonly-plus-wp,12,registration,0,,371,12,,,true,,,false
webonly-plus-wp,1,registration,2399,,,24,,,true,,,false
webonly-plus-wp,12,registration,28790,,,24,,,false,,,false
webonly-plus-wp,24,registration,57581,43780,,24,,,true,6,99,false
webonly-plus-wp,1,registration,2099,,,36,,,true,,,false
webonly-plus-wp,12,registration,25192,,,36,,,false,,,false
webonly-plus-wp,36,registration,75575,63573,,36,,,true,6,99,false
webonly-start,12,prolongation,0,,371,12,,,true,,,false
webonly-start,1,registration,2499,,,12,,,true,,,false
webonly-start,12,registration,0,,371,12,,,true,,,false
webonly-start,12,registration,29988,8388,,12,,,true,9,99,false
webonly-start,1,registration,1999,,,24,,,true,,,false
webonly-start,12,registration,23990,,,24,,,false,,,false
webonly-start,24,registration,47981,30879,,24,,,true,9,99,false
webonly-start,1,registration,1749,,,36,,,true,,,false
webonly-start,12,registration,20992,,,36,,,false,,,false
webonly-start,36,registration,62975,48122,,36,,,true,9,99,false
webonly-start-wp,1,prolongation,0,,206,12,,,true,,,false
webonly-start-wp,1,registration,2499,,,12,,,true,,,false
webonly-start-wp,1,registration,0,,206,12,,,true,,,false
webonly-start-wp,12,registration,29988,8388,,12,,,true,9,99,false
webonly-start-wp,1,registration,1999,,,24,,,true,,,false
webonly-start-wp,12,registration,23990,,,24,,,false,,,false
webonly-start-wp,24,registration,47981,30879,,24,,,true,9,99,false
webonly-start-wp,1,registration,1749,,,36,,,true,,,false
webonly-start-wp,12,registration,20992,,,36,,,false,,,false
webonly-start-wp,36,registration,62975,48122,,36,,,true,9,99,false
web-plus,1,registration,3499,,,12,,,true,,,false
web-plus,12,registration,41988,9888,,12,5750,,true,9,99,false
web-plus,1,registration,2799,,,24,,,true,,,false
web-plus,12,registration,33590,,,24,,,false,,,false
web-plus,24,registration,67181,41501,,24,4227,,true,9,99,false
web-plus,1,registration,2449,,,36,,,true,,,false
web-plus,12,registration,29392,,,36,,,false,,,false
web-plus,36,registration,88175,65705,,36,,,true,9,99,false
web-plus-wp,1,registration,3499,,,12,,,true,,,false
web-plus-wp,12,registration,41988,9888,,12,5750,,true,9,99,false
web-plus-wp,1,registration,2799,,,24,,,true,,,false
web-plus-wp,12,registration,33590,,,24,,,false,,,false
web-plus-wp,24,registration,67181,41501,,24,,,true,9,99,false
web-plus-wp,1,registration,2449,,,36,,,true,,,false
web-plus-wp,12,registration,29392,,,36,,,false,,,false
web-plus-wp,36,registration,88175,65705,,36,,,true,9,99,false
web-start,1,registration,2999,,,12,,,true,,,false
web-start,12,registration,35988,8388,,12,5749,,true,9,99,false
web-start,1,registration,2399,,,24,,,true,,,false
web-start,12,registration,28790,,,24,,,false,,,false
web-start,24,registration,57581,35501,,24,4226,,true,9,99,false
web-start,1,registration,2099,,,36,,,true,,,false
web-start,12,registration,25192,,,36,,,false,,,false
web-start,36,registration,75575,56255,,36,,,true,9,99,false
web-start-wp,1,registration,2999,,,12,,,true,,,false
web-start-wp,12,registration,35988,8388,,12,5749,,true,9,99,false
web-start-wp,1,registration,2399,,,24,,,true,,,false
web-start-wp,12,registration,28790,,,24,,,false,,,false
web-start-wp,24,registration,57581,35501,,24,4226,,true,9,99,false
web-start-wp,1,registration,2099,,,36,,,true,,,false
web-start-wp,12,registration,25192,,,36,,,false,,,false
web-start-wp,36,registration,75575,56255,,36,,,true,9,99,false
WordPress-Hosting,1,prolongation,2999,,,1,,,false,,,false
WordPress-Hosting,3,prolongation,8997,,,3,,,false,,,false
WordPress-Hosting,1,prolongation,2999,,,12,,,false,,,false
WordPress-Hosting,12,prolongation,35988,,,12,,,false,,,false
WordPress-Hosting,24,prolongation,57581,,,24,,,false,,,false
WP Pro,1,prolongation,3499,,,12,,,true,,,false
WP Pro,12,prolongation,41988,,,12,,,true,,,false
WP Pro,12,prolongation,33590,,,24,,,true,,,false
WP Pro,12,prolongation,29392,,,36,,,true,,,false
WP Pro Managed,1,prolongation,4999,,,12,,,true,,,false
WP Pro Managed,12,prolongation,59988,,,12,,,true,,,false
WP Standard,1,prolongation,2999,,,12,,,true,,,false
WP Standard,12,prolongation,35988,,,12,,,true,,,false
WP Standard,12,prolongation,28790,,,24,,,true,,,false
WP Standard,12,prolongation,25192,,,36,,,true,,,false
WP Standard Managed,1,prolongation,3999,,,12,,,true,,,false
WP Standard Managed,12,prolongation,47988,,,12,,,true,,,false
yourwebshop_plus,1,prolongation,0,,107,1,,,true,,,false
yourwebshop_plus,1,registration,2999,99,,1,4224,,true,,,false
yourwebshop_pro,1,registration,4999,99,,1,4225,,true,,,false
yourwebshop_start,1,prolongation,0,,8,1,,,true,,,false
yourwebshop_start,1,prolongation,0,,74,1,,,true,,,false
yourwebshop_start,1,registration,1999,99,,1,4223,,true,,,false
